Username,content_score
mojombo,1.0000000000000002
defunkt,0.9999999999999996
pjhyett,1.0000000000000004
wycats,0.9999999999999999
ezmobius,1.0
ivey,1.0000000000000002
evanphx,1.0
vanpelt,0.9999999999999992
wayneeseguin,1.0
brynary,1.0000000000000002
kevinclark,1.0000000000000002
technoweenie,1.0
macournoyer,1.0000000000000002
takeo,1.0
caged,1.0000000000000007
topfunky,1.0000000000000002
anotherjesse,1.0000000000000004
roland,1.0
lukas,1.0000000000000009
tomtt,0.9999999999999993
nitay,1.0000000000000002
kevwil,1.0000000000000002
KirinDave,1.0
jamesgolick,1.0
atmos,0.9999999999999999
errfree,1.0
mojodna,1.0000000000000002
bmizerany,1.0000000000000002
jnewland,1.0000000000000002
joshknowles,1.0
hornbeck,1.0000000000000002
jwhitmire,1.0000000000000002
elbowdonkey,0.9999999999999993
reinh,1.0
knzai,1.0
bs,1.0
rsanheim,0.9999999999999998
schacon,0.9999999999999992
uggedal,1.0000000000000002
bruce,1.0
sam,1.0
mmower,0.9999999999999999
abhay,1.0
rabble,1.0000000000000002
benburkert,1.0
indirect,1.0000000000000002
fearoffish,1.0000000000000009
ry,1.0
engineyard,1.0000000000000002
jsierles,1.0
tweibley,1.0000000000000002
peimei,1.0
brixen,1.0000000000000002
tmornini,1.0000000000000002
outerim,1.0000000000000007
daksis,1.0000000000000002
sr,1.0
lifo,1.0
rsl,1.0
imownbey,1.0
dylanegan,1.0000000000000002
jm,1.0000000000000002
kmarsh,1.0000000000000004
jvantuyl,1.0
BrianTheCoder,0.9999999999999999
freeformz,1.0
hassox,1.0000000000000009
automatthew,0.9999999999999993
queso,0.9999999999999999
lancecarlson,0.999999999999999
drnic,1.0000000000000004
lukesutton,1.0
danwrong,1.0
HamptonMakes,1.0
jfrost,1.0000000000000002
mattetti,1.0
ctennis,1.0000000000000002
lawrencepit,1.0000000000000002
marcjeanson,1.0000000000000002
grempe,1.0000000000000002
peterc,0.9999999999999997
ministrycentered,1.0000000000000004
afarnham,1.0
up_the_irons,1.0
cristibalan,1.0
heavysixer,1.0000000000000002
brosner,1.0
danielmorrison,1.0000000000000002
danielharan,1.0
kvnsmth,0.9999999999999999
collectiveidea,1.0000000000000002
canadaduane,1.0
corasaurus-hex,1.0000000000000002
dstrelau,1.0000000000000002
sunny,1.0
dkubb,1.0000000000000002
jnicklas,0.9999999999999999
richcollins,1.0000000000000002
simonjefford,1.0000000000000002
josh,1.0000000000000002
stevedekorte,1.0000000000000009
leahneukirchen,1.0000000000000002
jwreagor,1.0000000000000002
technomancy,1.0
kenphused,1.0
rubyist,1.0000000000000007
ogc,1.0
lazyatom,1.0000000000000002
jdhuntington,1.0000000000000002
sevenwire,1.0
brandonarbini,1.0000000000000002
al3x,1.0000000000000002
toolmantim,1.0
nicksieger,1.0
jicksta,1.0000000000000004
joshsusser,1.0000000000000002
jcrosby,1.0000000000000002
thewoolleyman,1.0000000000000002
technicalpickles,1.0000000000000002
halbtuerke,1.0000000000000009
ryanb,0.9999999999999999
cnix,1.0000000000000002
tpitale,0.9999999999999999
cdcarter,1.0000000000000002
atduskgreg,0.9999999999999999
heff,1.0000000000000002
entryway,1.0
aflatter,1.0000000000000002
schofield,1.0
rbazinet,1.0000000000000002
tranqy,1.0
robey,1.0000000000000002
bkeepers,1.0
wilson,1.0
tommorris,1.0000000000000002
charlesroper,1.0
adamwiggins,1.0000000000000002
myobie,1.0000000000000002
samgranieri,1.0
adam,1.0
mtodd,1.0000000000000002
timcharper,1.0
paul,1.0000000000000009
DocSavage,1.0000000000000002
shane,1.0
vlucas,1.0000000000000002
nex3,1.0000000000000002
norbauer,1.0
crigor,1.0000000000000002
knowtheory,1.0
bernerdschaefer,1.0000000000000002
zapnap,0.9999999999999992
galinv,1.0000000000000002
NZKoz,1.0
croaky,1.0
jeremy,1.0
ELLIOTTCABLE,1.0000000000000002
monde,1.0000000000000002
ryanbriones,1.0
wfarr,1.0000000000000002
jseifer,1.0
symlink,1.0
sprsquish,1.0
codahale,1.0000000000000002
zackchandler,0.9999999999999992
jakehow,1.000000000000001
evan,1.0000000000000009
olleolleolle,1.0000000000000004
chrismcg,1.0000000000000002
chuyeow,1.000000000000001
mloughran,0.9999999999999998
matthewford,0.9999999999999991
henrik,1.0
tkersey,0.9999999999999999
acf,1.0000000000000002
dan,1.0000000000000002
seebq,0.9999999999999996
delynn,1.0
spicycode,1.0000000000000009
ntalbott,1.0
rdempsey,0.9999999999999997
mjankowski,1.0000000000000002
danahern,1.0
dctanner,0.9999999999999999
alexvollmer,0.9999999999999999
RailsAddict,1.0
scharfie,1.0
daikini,1.0000000000000013
tdreyno,1.0
ryenski,1.0
jnunemaker,1.0
shayarnett,1.0000000000000002
chad,1.0
superphly,1.0000000000000002
swhitt,1.0
bryanl,1.0
jschairb,1.0000000000000002
adelcambre,1.0000000000000002
psi,1.0000000000000002
watsonian,1.0000000000000002
marcel,0.9999999999999998
brapse,1.0000000000000002
francois,1.0000000000000009
aditya,0.9999999999999999
agile,1.0
itstommymorgan,1.0000000000000002
toretore,0.9999999999999998
vangberg,1.0000000000000002
jchris,1.0000000000000004
gspederson,1.0
psq,1.0
andreimaxim,1.0000000000000007
robbyrussell,1.0
kommen,1.0
protocool,1.0000000000000002
maddox,1.0000000000000002
jswanner,1.0000000000000004
kastner,1.0000000000000002
halorgium,0.9999999999999994
merb,1.0000000000000002
lachie,1.0000000000000002
anildigital,0.9999999999999997
cwsaylor,1.0
pdsphil,1.0000000000000002
kamal,1.0
bleything,1.0
caplis,1.0000000000000004
jqr,1.0
mattslack,1.0000000000000002
tjogin,1.0000000000000002
robbevan,1.0000000000000007
marten,1.0
gnufied,1.0000000000000002
hoverbird,1.0
beccasaurus,1.0000000000000002
joshuamckenty,0.9999999999999999
dfl,0.9999999999999999
floydprice,0.9999999999999998
allison-lara,0.9999999999999998
activestylus,1.0000000000000002
archfear,0.9999999999999999
mudge,1.0
johnny,1.0
scott-steadman,1.0000000000000002
noteflakes,1.0000000000000002
doudou,1.0000000000000002
david,1.0000000000000004
pedromg,1.000000000000001
Steve,1.0
mark,1.0000000000000002
ambethia,1.0
halfbyte,1.0000000000000002
cannikin,1.0000000000000002
anthonylewis,1.0000000000000009
mcornick,1.0
itfische,1.0
mcg,1.0
sco,1.0000000000000002
norio,1.0
anttih,1.0000000000000004
vintrepid,1.0000000000000002
bigfleet,1.0
lypanov,0.9999999999999998
ropiku,1.0000000000000002
rds,1.0
zmoazeni,1.0
edwinmoss,1.0000000000000002
tomfarm,1.0
TheNicholasNick,1.0000000000000002
bumi,0.9999999999999999
dag,1.0
ruckus,0.9999999999999999
mlins,1.0
luke,1.0000000000000004
labria,0.9999999999999996
raymorgan,1.0000000000000002
edward,1.0
dsiem,1.0000000000000002
talaris,1.0000000000000002
jrun,1.0
chris,1.0000000000000004
thejohnny,1.0000000000000002
vic,0.9999999999999998
thelibrarian,1.0
harukizaemon,1.0
ttcremers,1.0
bitbckt,1.0000000000000002
brupm,1.0
v3rb0,1.0000000000000002
hchoroomi,1.0000000000000002
igouss,1.0000000000000002
jamesmacaulay,1.0
jacobeus,1.0
djd,1.0
octave,1.0
damon,1.0000000000000002
sbusso,1.0
tobi,1.0000000000000002
raggi,1.0000000000000002
tooky,1.0
aurelian,1.0000000000000002
cnantais,1.0
gthoppae,1.0000000000000007
lukemelia,1.0
ncdc,1.0000000000000002
bendik,1.0
sbraford,1.0000000000000004
mpalmer,1.0
jens,1.0000000000000002
moneyspyder,1.0000000000000002
tslocke,1.0
jellybob,1.0
mascarenhas,0.9999999999999999
pius,1.0000000000000002
nullstyle,1.0
guillaume,1.0
samaaron,1.0000000000000002
endersonmaia,1.0
flowers,1.0
adamlogic,0.9999999999999997
alx,1.000000000000001
sproutit,1.0
augustl,1.000000000000001
eb1024,1.0
tpope,1.0000000000000004
methodmissing,1.0000000000000004
mariusz,1.0000000000000002
palmamartin,1.0000000000000013
garyblessington,1.0
kangax,1.0000000000000002
sd,0.9999999999999998
drew,1.0000000000000002
brainopia,1.0
wvl,1.0000000000000002
therealadam,1.0
therubymug,1.0000000000000007
chrisgriffin,1.0
jasonherald,1.0000000000000002
bruno,1.0000000000000004
revans,1.0000000000000002
jameshill,1.0000000000000002
crafterm,1.0000000000000009
mattallen,0.9999999999999999
dgoodlad,1.0000000000000004
esaul,1.0000000000000007
trevorturk,1.0000000000000002
svrishi,1.0000000000000002
rtomayko,0.9999999999999994
timburks,1.0000000000000007
gaveen,0.9999999999999998
waqas,1.0
dpetersen,1.0
antonithock,1.0
fivethreeo,1.0
tandibar,1.000000000000001
cmer,1.0
trotter,1.0
dudleyf,1.0
kevinansfield,1.0
luigi,0.9999999999999996
gotascii,1.0000000000000002
rozza,0.9999999999999999
frankbolero,1.0000000000000002
shadowmaru,1.000000000000001
antunderwood,1.0000000000000002
dfugere,0.9999999999999994
james,0.9999999999999989
xraid,1.0000000000000002
wijet,1.0000000000000004
parabuzzle,0.9999999999999999
damienmckenna,1.0
nz,1.0000000000000002
tynino,1.0000000000000002
allan,0.9999999999999999
bscofield,0.9999999999999989
tkofol,1.0
trey,1.0000000000000002
jimmy,1.0
foca,0.9999999999999998
mathie,1.0000000000000004
jarkko,1.0000000000000002
norbert,1.0000000000000002
jduff,1.0
gpaul,1.0000000000000002
pablete,1.0000000000000002
mokolabs,1.0000000000000004
awilliam,1.0000000000000002
dysinger,0.9999999999999999
intabulas,1.0
avalade,1.0000000000000002
ljsc,1.0000000000000009
djdarkbeat,1.0000000000000007
yrashk,1.000000000000001
famulus,1.0000000000000004
rks,0.9999999999999999
chriskaukis,1.0
caffo,1.0000000000000002
timperrett,1.0000000000000002
voodootikigod,0.9999999999999994
kwe,1.0
bernd,1.0000000000000007
cblackburn,1.0000000000000002
kunstreich,1.0
emanuel,1.0
cdwillie76,1.0
mando,1.0
zh,1.0000000000000002
brandon-beacher,1.0
eric,1.0000000000000002
iwarshak,0.9999999999999992
sudara,1.0
choonkeat,1.0
cbowns,0.9999999999999993
aussiegeek,1.0000000000000009
zacheryph,1.0000000000000002
dustym,1.0000000000000002
benjamin,1.0
jackdempsey,1.0000000000000002
blahutka,1.0
chrisabad-zz,0.9999999999999998
AlexJWayne,1.0
nakajima,0.9999999999999997
mreid,1.0000000000000002
melo,1.0
JESii,1.0000000000000002
msimkins,1.0000000000000002
angelo,0.9999999999999994
wrenchlabs,1.0
jfcouture,1.0000000000000002
ctran,1.0
garyharan,1.0
Zelnox,1.0000000000000004
saimonmoore,1.0
spencer,1.0000000000000002
santry,1.0000000000000002
urubatan,0.9999999999999991
kjf,1.0000000000000002
judofyr,0.9999999999999998
JJ,0.9999999999999998
tfwright,1.0000000000000002
scoop,1.0000000000000002
mkhl,1.0
nmerouze,1.0000000000000002
franc,1.0
sphire,0.9999999999999999
dbr,1.0000000000000002
pd,1.0
kieranj,1.0000000000000009
japj,1.0000000000000002
atharh,1.0
speck,1.0000000000000002
leemhenson,1.0000000000000004
donpinkster,1.0000000000000002
pontus,1.0000000000000002
shinzui,1.0000000000000002
mansfiem,0.9999999999999998
dbcm,0.9999999999999996
brett,1.0
jredville,1.0000000000000002
mwilliams,1.0000000000000002
jendrik,1.0
marmbrus,1.0
auser,1.0
fauxparse,1.0
n0ha,1.0
hughbien,1.0000000000000013
vishnugopal,0.9999999999999999
ericallam,1.0
steveh,1.0000000000000002
jpease,1.0
skimua,1.0
codafoo,1.0000000000000002
fusedevice,1.0
NaPs,1.0
hallski,1.0
aroth,1.0
brainvat,1.0000000000000009
schelcj,1.0
drudru,0.9999999999999999
etng,1.0000000000000002
bct,0.9999999999999994
rmanalan,1.0000000000000002
AndrewO,1.0
njackson,0.9999999999999996
Sutto,1.0000000000000002
roop,1.0000000000000002
ipvideomarketinfo,1.0
kad3nce,1.0
critzjm,1.0000000000000002
ook,0.9999999999999998
jhill,1.0000000000000002
amoeba,1.0000000000000002
mbbx6spp,1.0000000000000002
tomtaylor,1.0
BJClark,1.0000000000000007
purzelrakete,1.0000000000000002
nmeans,1.0
alexkwolfe,0.9999999999999997
jaikoo,1.0000000000000002
timurvafin,1.0
jarib,0.9999999999999998
davie,1.0000000000000002
jdp,1.0000000000000002
scottymac,0.9999999999999998
komapa,1.0000000000000002
usergenic,0.9999999999999994
mikeal,1.0000000000000009
Shazburg,1.0
wiremine,1.0
captproton,1.0000000000000002
ludo,0.9999999999999999
arisbartee,1.000000000000001
edallen,0.9999999999999996
hatch,1.0000000000000002
nickpad,0.9999999999999996
joaovitor,1.0
ckhsponge,1.0000000000000002
fd,1.0000000000000002
daaku,1.0000000000000013
pfig,1.0000000000000009
natedaiger,1.0000000000000007
probablycorey,1.0
ymendel,1.0
jmhodges,1.0
nickel,1.0
buru,1.0000000000000002
wdperson,0.9999999999999994
chromakey-io,0.9999999999999992
jstetser,1.0
ianloic,1.000000000000001
bansalakhil,1.0000000000000002
jesseproudman,1.0
h-lame,1.0
emilevdb,1.0
mdub,0.9999999999999999
martinjandrews,1.0
wpiekutowski,1.0000000000000002
lukeredpath,0.9999999999999996
andykent,1.0
codehugger,1.0
aemadrid,0.9999999999999999
mulder,1.0000000000000002
moorbrook,1.0000000000000002
humandoing,1.0
george,1.0
dramsay,0.9999999999999998
jonmagic,1.0000000000000004
zpinter,1.0
banderson623,1.0000000000000002
bigethan,1.0
lmarlow,1.0000000000000002
jrimmer,1.0
olly,1.0000000000000002
hookercookerman,1.0
doxavore,0.9999999999999998
Bjwebb,1.0000000000000002
daniel,1.0
qerub,1.0
leavengood,1.0
pjjw,1.0
barrym,1.0000000000000007
ph,1.0
pbx,1.0
fspeirs,1.0
fernandoallen,1.0000000000000002
davidsmalley,1.0
njonsson,1.0
ecin,0.9999999999999994
progrium,1.0000000000000002
jhsu,0.9999999999999998
hipertracker,1.0000000000000002
mindy,1.0000000000000002
plainprogrammer,1.0000000000000013
jasonf,1.0
robmitch,1.0000000000000002
mlopes,1.0000000000000002
sxross,1.0000000000000009
tomislav,1.0000000000000002
stephencelis,1.0000000000000002
gebi,1.0000000000000009
intinig,1.0
benr75,1.0000000000000007
cuiguy,1.0
jimmyjazz,1.0000000000000002
blaix,1.0000000000000002
zachinglis,1.0000000000000009
kstewart,1.0
vidyanand,1.0
cclow,0.9999999999999999
seven1m,1.0000000000000004
latompa,0.9999999999999998
kouky,1.000000000000001
incandescant,1.0
redinger,1.0000000000000009
osteele,1.0
bikerduweb,0.9999999999999997
james2m,1.0
jlindley,1.0
dalsgaard,1.0000000000000002
grantr,1.0000000000000004
digitalhobbit,1.0000000000000002
robmack,1.0000000000000002
russ,0.9999999999999992
alexagui,1.0000000000000002
lsegal,1.0
fazibear,0.9999999999999998
grosours,0.9999999999999993
dermotbrennan,1.0000000000000002
matschaffer,1.0000000000000004
mazdak,1.0000000000000002
bryckbost,1.0000000000000002
farcaller,1.0000000000000002
lstoll,1.0
sbellware,1.0
caius,1.0000000000000004
dgiunta,0.9999999999999998
oleganza,1.0
nkallen,1.0000000000000009
heycarsten,1.0
jokull,1.0
gjnoonan,0.9999999999999999
jparker,1.000000000000001
xxgreg,1.0000000000000002
tekkub,0.9999999999999998
kaspar,1.0
seaofclouds,1.0000000000000007
jared,1.0
delagoya,0.9999999999999999
necrodome,1.0000000000000002
brokendisk,1.0000000000000002
digitalknk,0.9999999999999992
lilyball,0.9999999999999999
BrentonEarl,1.0000000000000004
malomalo,1.0
peregrine,1.0
chrislloyd,1.0000000000000002
gregbell,1.0
pclouds,1.0
yesmar,1.0
brettg,0.9999999999999999
xenith,1.0
martinisoft,0.9999999999999999
marc,1.0000000000000002
pjb3,1.0
cvk,1.0
revelation,1.0000000000000002
blowmage,0.9999999999999999
gnu-lorien,0.9999999999999999
bledig,1.0
travo,1.0000000000000002
schmidt,0.9999999999999999
christos,1.0000000000000002
v15h,1.0000000000000002
jasherai,0.9999999999999999
rmm5t,0.9999999999999999
quigebo,1.0000000000000002
shirkevich,1.0000000000000002
lukehoersten,1.0
roncohen,1.0000000000000002
Bregor,1.0000000000000002
juretta,1.0
jney,1.0000000000000002
tom,1.0000000000000002
mortenbagai,0.9999999999999999
smerickson,1.0
lagsalot,1.000000000000001
djspiewak,0.9999999999999999
jsgoecke,1.0000000000000002
myabc,0.9999999999999998
stefanoc,1.0000000000000002
mde,1.0
oliverandrich,1.0000000000000002
baldur,1.0000000000000002
ctcherry,1.0
rjspotter,1.0000000000000002
asanghi,0.9999999999999996
malkomalko,1.0000000000000002
PabloC,0.9999999999999998
jerrod,0.9999999999999998
jfreeze,1.0
vigosan,1.0000000000000002
fbrubacher,1.000000000000001
mvanholstyn,1.0000000000000009
zach,1.0
lydgate,1.0
alex,1.000000000000001
clupprich,1.0000000000000013
jordanbrock,1.0000000000000007
brijohn,1.0
peburrows,1.0
asynkayo,1.0000000000000002
jaf,1.0
piclez,1.0
ebello,0.9999999999999999
benslavin,1.0000000000000002
kevinfinlayson,1.0
adamsalter,1.0
joe,1.0
sxh,1.0
rpheath,1.0000000000000002
bordy,1.0
companygardener,1.0000000000000002
dusty,0.9999999999999996
janson,1.0000000000000002
nexneo,1.0000000000000002
DimaD,0.9999999999999999
kogent,1.0000000000000002
tarcieri,1.0000000000000004
kfl62,0.9999999999999996
mattrenquist,1.0
lauri,1.0
seangeo,1.0000000000000004
apod,1.0000000000000004
denis,0.9999999999999992
znarf,1.0
wiktorschmidt,1.0
cmrichards,1.0000000000000002
tarsolya,1.0
vvarp,1.0
daveliu,0.9999999999999997
Imbrondir,1.0
nimms,1.0000000000000004
evs,1.0000000000000002
svperfecta,1.0
akatz,1.0000000000000007
rocanion,1.0000000000000002
FooBarWidget,1.0
weepy,1.0
bitshape,1.0
peleteiro,1.0000000000000002
igor,1.0000000000000002
miles,1.0000000000000002
wunki,1.0000000000000007
mkomitee,1.0000000000000004
joergbattermann,1.0000000000000004
mutle,1.0
baxter,1.0000000000000002
shanesveller,1.0
brenton,0.9999999999999999
zygote,1.0
peks,1.0
EugZol,1.0000000000000002
cdb,1.0000000000000002
DanielVF,0.9999999999999999
michele,1.0000000000000002
huxley,1.0000000000000002
noin,1.0000000000000002
blanco,1.0
raucao,1.000000000000001
galfert,1.0
haikuwebdev,1.0
natacado,1.0
hotsyk,1.0000000000000013
keeran,1.0
juliamae,1.0
mphilpot,1.0000000000000002
mountain,0.9999999999999991
shantanoo,1.0000000000000002
janfri,1.0000000000000002
olivM,0.9999999999999998
cavalle,1.0000000000000002
andypearson,1.0000000000000002
fredlee,1.0000000000000002
bkudria,1.0000000000000002
whynot,1.0000000000000002
derekperrault,1.0000000000000002
cpjolicoeur,1.0000000000000002
pager,1.0000000000000002
pengwynn,1.0000000000000002
thom,1.0000000000000002
sintaxi,1.0
scotu,1.0000000000000002
peters,0.9999999999999997
mmmurf,1.0000000000000013
thetamind,1.0
spejman,1.0000000000000002
alexvetter,1.0
jiphex,1.0
larssg,1.0
lukerandall,1.0000000000000004
tobinibot,1.0000000000000002
eugen,0.9999999999999999
neves,0.9999999999999998
ragnard,0.9999999999999994
codeslinger,1.000000000000001
acidburnz,0.9999999999999999
dennisreimann,1.0000000000000002
mislav,1.0
armitage,1.0000000000000004
Josh-A-T,1.0000000000000002
slaytanic,1.0000000000000002
mattly,1.0
pyrat,1.0
rigagoogoo,1.0000000000000002
luisbarrueco,1.0
Val,1.0
hunter,0.9999999999999997
gensym,1.0000000000000002
joseph,1.0
benhoskings,1.0000000000000002
kennyp,1.0000000000000002
luke0x,1.0000000000000002
harrylove,1.0
tohchye,1.0000000000000002
lukaszcho,1.0
wasnotrice,1.0
bartcortooms,1.0000000000000002
ejdraper,0.9999999999999996
shenoudab,1.0
kaitanie,1.0
Norgg,1.0
antramm,1.0000000000000004
amiroff,1.0
be9,1.0000000000000002
greenpart,1.0000000000000002
wisesmile,1.0000000000000002
benschwarz,1.0000000000000002
cbartlett,1.0
r38y,1.0000000000000007
constantine-nikolaou,1.0000000000000004
julesss,1.0
muness,0.9999999999999998
gonzague,1.0000000000000002
keeg,1.0000000000000002
iconmaster,1.0000000000000002
cjmartin,1.0
samsm,1.0000000000000002
nick,1.0
pusewicz,1.0000000000000002
wadewinningham,1.0000000000000002
teftin,1.0000000000000002
scivi,1.0
jeremy6d,1.0000000000000002
raskchanky,0.9999999999999998
jonuts,0.9999999999999999
rbriski,0.999999999999999
colin,1.0000000000000002
soveran,1.0000000000000002
jreynolds,1.0
daddz,1.0
tamersalama,1.0
minter,1.0
cndreisbach,1.0000000000000002
melito,1.0
ibspoof,1.0000000000000013
glv,1.0000000000000002
heymarcel,1.0000000000000002
objo,1.0
ddemaree,1.0000000000000002
hosh,1.0
zdennis,1.0000000000000002
conorh,1.0000000000000004
jackbaty,0.9999999999999999
TaYpworm,1.0
mhat,1.0
gilesbowkett,1.0000000000000002
ktheory,1.0
bricooke,1.0000000000000002
cypher,1.000000000000001
mully,1.0
avdi,1.0000000000000007
statik,1.0
phlipper,1.0000000000000002
firewheel,1.0
sharnik,1.0000000000000002
Sija,1.0
martinemde,1.0000000000000002
brianleroux,1.0000000000000002
slowernet,1.0000000000000002
mlangenberg,1.0000000000000002
outten45,1.0000000000000002
rhult,1.0000000000000013
vitaliel,1.0000000000000004
trioglobal,0.9999999999999991
skyfallsin,1.0
maxthelion,1.0
aslakhellesoy,1.0000000000000002
sbecker,1.0000000000000002
aharper,1.0
stocad,1.0000000000000002
adambair,1.0000000000000002
ernesto-jimenez,1.0
aglasgall,1.0000000000000002
marcinpohl,1.0000000000000002
Schultz,1.0000000000000002
altano,1.0000000000000004
damm,1.0000000000000002
rwdaigle,1.0000000000000002
sunfmin,1.0000000000000002
amerine,1.0000000000000004
jjgod,1.0000000000000002
holin,1.0000000000000013
justinweiss,1.0
sethtrain,1.0000000000000002
mbleigh,1.0000000000000002
cobrien,1.0
pstuteville,1.0000000000000016
da3mon,1.0
fiveruns,1.0
waferbaby,1.0000000000000002
jasonm,0.9999999999999989
antage,0.9999999999999998
cduhard,0.9999999999999999
matthewd,1.0000000000000002
mattman,1.0000000000000002
zmack,1.0000000000000002
Arthur,1.0000000000000002
nalin,1.0000000000000002
joao,1.0
bloodearnest,1.0000000000000002
ealameda,1.0000000000000002
edbond,1.0000000000000002
mewz,1.0
btbytes,1.0
arunthampi,1.0
universal,1.0
calavera,0.9999999999999997
elia,1.0
joerichsen,1.0000000000000002
haraldmartin,0.9999999999999998
benreesman,1.0000000000000002
ludwig,1.0000000000000002
jkp,1.0000000000000007
Cirex,1.0000000000000002
gravityblast,1.0000000000000002
andrew,1.0
hmans,1.0000000000000016
aanand,1.000000000000001
smn,1.0000000000000009
solnic,1.0
railslove,0.9999999999999999
we5,1.0000000000000002
stympy,1.0000000000000002
jspears,1.0000000000000007
mwise,1.0
georgepalmer,1.0
andregoncalves,1.0
dchelimsky,1.0000000000000009
haguro,0.9999999999999994
pdlug,1.0
fredix,0.999999999999999
agibralter,1.0000000000000002
frac,1.0000000000000002
ismasan,1.000000000000001
dpickett,1.0000000000000002
maxterry,0.9999999999999996
fsvehla,1.0000000000000004
glasner,1.0000000000000002
jwilkins,1.0000000000000002
shingara,1.0000000000000002
sebastian,1.0000000000000002
michaelklishin,1.0000000000000002
yaanno,1.0
slip,1.0000000000000002
jamie,1.0000000000000002
azsromej,1.0000000000000002
phsilva,1.0000000000000002
wmoxam,1.0
quirkey,1.0000000000000002
enhiro,1.0
shillcock,0.9999999999999998
niallkennedy,1.0
sandropaganotti-zz,0.9999999999999997
sudothinker,1.0000000000000009
infovore,1.0000000000000004
mateusdelbianco,1.0000000000000009
cameroncox,1.0
robhudson,1.000000000000001
tolbrino,1.0000000000000002
juggy,1.0
djwhitt,1.0000000000000002
patmaddox,1.0
willnorris,1.0000000000000002
travis,1.0000000000000002
rickmzp,1.0
fzero,1.0000000000000002
mm53bar,0.9999999999999998
treybean,1.0
railsdog,1.0
mtarbit,1.0000000000000002
perpet,1.0
eggie5,0.9999999999999998
omghax,1.0000000000000004
pmarsh,1.0
drcode,0.9999999999999999
coty,1.0
nickmerwin,0.9999999999999999
larrytheliquid,0.9999999999999998
alce,1.0
bdarcus,1.0000000000000002
trym,0.9999999999999996
ovelar,1.0000000000000002
indmill,1.0000000000000002
sotirac,1.0000000000000002
tel,1.0000000000000016
michaelbarton,1.0000000000000004
bennettandrews,1.0000000000000002
cglee,1.0
mza,1.000000000000001
netguru,1.0000000000000002
markmcspadden,1.0000000000000002
expilo,1.0000000000000002
pingles,1.0
nemequ,0.9999999999999997
thomasritz,0.9999999999999999
rahoulb,1.0000000000000002
careo,1.0000000000000007
ndemonner,1.0000000000000002
Cordobo,1.0000000000000004
jesseclark,1.0
coxy,1.0000000000000004
willb,0.9999999999999998
dust3d,1.0
macgyver,0.9999999999999993
Krishna,0.9999999999999998
jipipayo,1.0
mschrag,1.0000000000000002
dacresni,1.0000000000000002
rymai,1.0
h3rald,1.0000000000000002
ndarilek,1.0
billturner,1.0
bjhess,1.0000000000000002
chopmo,1.0
nimbletechnique,1.0
clawfire,0.9999999999999987
joevandyk,1.0
mjm,1.0
aizatto,1.000000000000001
gregwebs,1.0
jptix,1.0000000000000002
findchris,1.0
snusnu,1.0000000000000007
mk,1.0
JakubOboza,1.0000000000000002
animikii,1.0000000000000002
al2o3cr,1.0000000000000002
paltman,1.0000000000000002
kerryb,0.9999999999999988
Manfred,0.9999999999999999
jaehess,1.0000000000000002
ricardoecosta,1.0
imbriaco,1.0000000000000004
mdeering,1.0000000000000002
jwinter,0.9999999999999998
jdthomas,1.0000000000000002
rapind,1.0
dgingrich,0.9999999999999996
jhenry,1.0000000000000013
delano,1.0000000000000002
tsmckelvey,1.0000000000000002
dlrust,1.0
sverrejoh,1.0000000000000007
paulsmith,1.0000000000000004
mlc,0.9999999999999996
bgianfo,1.000000000000001
berry,1.0000000000000002
mparkatti,1.0
ryanwilliams,1.0000000000000002
vetler,0.9999999999999986
alexspeller,0.9999999999999997
ajturner,1.0000000000000002
durdn,1.0000000000000002
csshsh,1.0000000000000002
levinalex,1.0000000000000002
avh4,1.0
myles,1.0000000000000002
awt,1.0000000000000002
jasonw22,1.0000000000000002
jwegis,1.0
ericflo,0.9999999999999998
paulca,0.9999999999999991
yarox,1.0000000000000007
prb,1.0
mindreframer,1.0000000000000002
cthachuk,1.0
hugh,1.0
creiht,1.0000000000000002
durbin,1.0000000000000002
mmetzger,0.9999999999999991
conejo,1.0000000000000004
bcbroom,1.0
bcg,0.9999999999999998
xwmx,1.000000000000001
engie,1.0000000000000002
keseldude,1.0000000000000002
godber,1.0
amattsmith,1.0000000000000002
kendall,1.0000000000000009
alinford,1.0
qartis,0.9999999999999997
naturalethic,1.0000000000000002
jzting,1.0000000000000002
dougal,1.0000000000000002
ph0rque,1.0000000000000002
bryanveloso,1.0
britt,1.0000000000000002
damog,1.0000000000000002
Townk,1.0000000000000002
bobbyrward,1.0
dfdeshom,1.0
cardmagic,1.0000000000000004
cbx,1.0
ianfieldhouse,1.0000000000000002
bear,0.9999999999999998
quamen,1.0
haberman,1.0000000000000002
joaomarcusc,1.0000000000000002
russellc,1.0
noss,1.0000000000000002
tobowers,0.9999999999999999
vangale,1.0000000000000002
jerry,1.0000000000000002
beastaugh,1.0000000000000004
puzza007,1.0000000000000002
zirpu,1.0000000000000002
brucem,1.0
jakep36,1.0000000000000002
graham,1.0000000000000002
matehat,0.9999999999999999
burke,1.0000000000000002
mkbehr,1.0000000000000004
dbarros,1.0
tomafro,1.0
pvaillant,0.9999999999999998
eclesh,1.0000000000000002
brianm,1.0
cee-dub,1.0000000000000002
zacbrown,0.9999999999999996
elq,1.0000000000000002
mitchellh,1.0000000000000004
lgastako,1.0
andrewlmurray,1.0000000000000002
mdiep,1.0000000000000002
nickd,1.0
steveclarke,0.9999999999999994
napcs,0.9999999999999998
cmd,1.0
mechfish,1.0000000000000002
dyokomizo,1.0000000000000002
benradler,1.0
benhiller,1.0
scw,1.0000000000000002
harryf,1.0000000000000002
mallipeddi,1.0
michaelmelanson,1.0000000000000002
marrone,1.0000000000000002
aggieben,1.0000000000000002
thibaudgg,1.0000000000000002
zenAudio,1.0000000000000002
wan,1.0000000000000002
daly,1.0000000000000002
waratuman86,1.0
emkay,1.0
dxoigmn,1.0
asenchi,1.000000000000001
daragh,1.0000000000000002
hagerman,1.0
ahri,1.0
jesper,0.9999999999999998
ydewit,1.0
benwad,1.0
tphyahoo,1.0000000000000002
jdknezek,1.0000000000000002
issackelly,1.000000000000001
webtreehouse,1.0
ggallego,1.0
reedlaw,0.9999999999999994
eddof13,1.0000000000000002
bousquet,1.0000000000000002
nwjsmith,0.9999999999999998
ottobar,1.0000000000000002
eyecat,0.9999999999999999
lackac,1.0
Judeqiu,1.0
kneath,1.0
genepope,1.0000000000000002
GLXSeries,1.0
cosmin,0.9999999999999999
imbaczek,1.0000000000000002
systemride,0.9999999999999997
kastravec,1.0000000000000002
breily,1.0000000000000002
charlenopires,1.0000000000000002
deontologician,0.9999999999999999
techthumb,1.0
biochimia,1.0000000000000009
notanumber,1.0
fcoury,0.9999999999999999
jacky,1.0
Interrupt,0.9999999999999996
cdr,1.0
stefanpenner,1.0
kjell,1.0
spent,1.0000000000000002
ramon,1.0
cleitonfco,1.0
mdaines,1.0000000000000002
justin,1.0000000000000002
jonshea,1.0000000000000002
stuart,1.000000000000001
greut,1.0
esiegel,1.0
ashchan,1.0000000000000002
bcotton,1.0000000000000002
tageorgiou,1.0000000000000002
cablehead,1.0
weldyss,1.0000000000000007
anaisbetts,1.0
keegnotrub,0.9999999999999998
neilio,1.0000000000000002
h3h,0.9999999999999997
trevrosen,1.0
liebling,1.0
afair,1.0
fannar,0.9999999999999993
dangoldin,1.0
freels,1.0000000000000002
hadronzoo,1.0000000000000002
complex,1.0000000000000002
mcroydon,1.0000000000000002
tristan,1.0
afairley,1.0000000000000002
dsrw,0.9999999999999999
davidmohara,1.0
ynd,1.0000000000000007
brentd,0.9999999999999998
vcgomes,0.9999999999999997
flyingmachine,1.000000000000001
pphetra,0.9999999999999998
lisamac,1.0
mcolyer,1.0000000000000002
gdagley,1.0000000000000002
chrisk,1.0000000000000002
jpostula,1.0000000000000002
sudachen,1.0
Rickasaurus,1.000000000000001
na9da,1.0000000000000009
paulstansifer,1.0
stphnclysmth,1.0000000000000002
papabear,1.0
Bertg,1.0000000000000007
davemerwin,0.9999999999999999
bob,1.0
kobs,1.0000000000000002
alexmoore,0.9999999999999997
mikedouglas,1.0000000000000002
blakelivingston,1.0000000000000002
arturhasselblad,1.0000000000000002
Screwperman,1.0
rbarazi,0.9999999999999994
pierrevdb,1.0
maborg,1.0000000000000002
bdainton,1.0000000000000002
mintchaos,1.0000000000000002
khamer,1.0
ghoseb,1.0000000000000007
tommi,1.0
Petteri,1.0000000000000002
tomjen,1.0
zwischenzugs,1.0000000000000002
wilhelmtell,1.0000000000000002
bartvdo,1.0
lunatech,0.9999999999999994
godeater,1.0000000000000002
sempuki,1.0000000000000002
vnasvadi,1.0
Oblomov,1.0
rgrove,1.0
dovadi,1.0000000000000002
mlesniak,1.0000000000000002
CodeMangler,1.0
tsvgmi,1.0000000000000002
alexbndk,1.0
melwin,0.9999999999999999
radical,1.0
redmar,1.0000000000000002
nablaone,1.0
sawtelle,1.0
thedaniel,1.0000000000000002
anandkunal,1.0
kamalgs,1.0
slim,1.0
kinote,1.0
vegai,1.0000000000000002
gaubert,1.000000000000001
pjay,0.9999999999999992
pushkar,1.0000000000000009
mbrezu,1.0
tronical,1.0000000000000002
dom,1.0000000000000002
bivab,1.0
gene9,0.9999999999999998
hassy,1.0
markun,1.0
bandito,1.0000000000000002
darrencornwell,1.0
rgilton,1.0000000000000002
mikewest,0.9999999999999999
arnar,1.0
deresh,1.0000000000000002
mstormo,1.0
czottmann,0.9999999999999999
Niriel,1.0
HansF,0.9999999999999998
vezquex,1.0
oyvindfanebust,0.9999999999999998
soma,1.0000000000000004
jablan,0.9999999999999993
ml,1.0000000000000007
marcoow,1.0
sauspiel,0.9999999999999996
dacort,0.9999999999999982
SimonS,1.0
muffinresearch,1.0000000000000002
ebb,1.0000000000000002
bradwright,1.0
husio,1.0000000000000002
taoufix,0.9999999999999999
jan,1.0000000000000002
thomasfl,1.0
aemkei,0.9999999999999999
mattis,1.0
thade,1.0000000000000002
snoack,1.0
NicolasP,1.0
rmoriz,1.0000000000000002
xinitrc,1.0
kalin,0.9999999999999999
dvgb,1.0000000000000002
nkpart,1.0
cynix,0.9999999999999994
salilj,1.0000000000000002
dikini,1.0000000000000002
craigw,1.0000000000000002
bakert,1.0
mcmarto,0.9999999999999999
jeffshadap,1.0000000000000002
newtonapple,1.0000000000000013
number5,1.0000000000000002
kolektiv,1.0
amandasaurus,0.9999999999999994
babo,1.0000000000000002
ilkka,0.9999999999999999
ibroadfo,1.0
abradburne,1.0
theflow,1.0
Jonty,1.0000000000000013
neaf,1.0
capisce,1.0000000000000013
jackliddle,1.0000000000000002
ask,1.0
richard,1.0
jgworks,1.0000000000000002
elurin,1.0
bru,1.0000000000000002
jstewart,1.0
KevM,1.0000000000000002
timothyjoh,1.0
kajecounterhack,1.0
taf2,1.0000000000000002
ola,1.0
bharendt,1.0
stan,0.999999999999999
edwardgeorge,1.0000000000000002
lgs,1.0000000000000009
joshuaclayton,0.9999999999999997
holst,1.0
nkohari,0.9999999999999999
alf,1.0
ralsina,1.0000000000000013
lamdor,1.0
keibro,1.0
dizz,1.0000000000000002
mikehale,1.0000000000000002
donmullen,1.0000000000000002
xla,1.0000000000000009
tmpjr,0.9999999999999998
fserb,0.9999999999999999
lvaruzza,1.0000000000000013
jkutner,0.9999999999999998
mjvm,1.0
veader,1.0000000000000002
raja,0.9999999999999994
dhyasama,0.9999999999999999
MegaMark16,1.0000000000000002
borud,0.999999999999999
jonbro,1.0000000000000002
ecoleman,0.9999999999999999
Mange,1.0
na,0.9999999999999996
cbuben,1.0000000000000002
nmariz,1.0
ldenman,1.0
levifig,1.0
Afton,1.0000000000000002
jjoaquim,1.0000000000000004
gkolok,1.0000000000000002
mariolopes,1.0
jezdez,1.0000000000000002
robinluckey,1.0
brad,1.0
jeresig,1.0
bdc34,1.0
seth,1.0000000000000002
dc25,1.0
edavis10,0.999999999999999
entombedvirus,1.0
pagenoare,1.0000000000000007
brian-lc,1.0
extraface,1.0000000000000002
jamis,1.0
thomlinton,0.9999999999999999
andrewg,1.0000000000000002
solesby,1.0000000000000002
tambet,1.0
aake,1.0
bjc,1.0000000000000002
binarymatt,0.9999999999999999
naryga,1.0000000000000007
josephgrossberg,1.0000000000000002
capitalist,1.0
lfelipe,1.0
gojomo,1.0
rubysolo,1.0
kjohnston,1.0000000000000002
BCable,1.0
cspathis,1.0000000000000004
schutte,1.0000000000000004
JohnConner,1.0000000000000004
xavi,1.0
jgagne33,1.0000000000000002
Abica,1.0000000000000002
tantalor,0.9999999999999996
shift,1.0
jwilger,1.0
kamidev,1.0
gerard,1.0000000000000002
rictic,1.000000000000001
samuelt,1.0
coat,1.0000000000000002
swsnider,1.0000000000000002
hamann,1.0000000000000002
svenstaro,1.0000000000000002
ebassi,1.0000000000000002
luiscosio,1.0000000000000002
seano288,1.0000000000000002
john,1.0
mallum,1.0000000000000002
corsix,1.0000000000000002
scrooloose,1.0
blader,1.0000000000000002
alexcharlie,1.0
jason,0.9999999999999992
davidsidlinger,1.0000000000000009
fightinjoe,0.9999999999999997
brendano,0.9999999999999997
alltom,1.0
orderedlist,1.0000000000000002
PhilGeek,1.0000000000000002
juancq,1.0000000000000018
ap,1.0000000000000002
mcclung,1.0
xevo,0.9999999999999999
acangiano,1.0
stolt45,1.0000000000000013
kevindamm,0.9999999999999999
horndude77,1.0000000000000002
bryansray,0.9999999999999997
cw,1.000000000000001
ryderblue,1.0000000000000002
jkatz,0.9999999999999998
Anks,1.0000000000000002
han,0.9999999999999992
thauber,1.0
4rc0s,0.9999999999999996
ike-xx,1.0
muncman,1.0
cjheath,1.0000000000000002
zeno,1.0000000000000002
meqif,1.0000000000000002
xpl,1.0000000000000002
celldee,1.0000000000000002
aubergene,0.9999999999999998
carletes,1.0
toke,1.0000000000000002
rafaelroquetto,1.0
xaviershay,1.0000000000000002
hannes-zz,1.0
joshua,0.9999999999999997
mikevalstar,0.9999999999999991
jeremydurham,1.0000000000000002
eugene,1.0
rmcafee,1.0000000000000002
nerdEd,1.0
erinc,1.0
szilveszter,0.9999999999999999
skwp,1.0
jiahao,1.0000000000000004
benwyrosdick,1.0000000000000002
foysavas,1.0000000000000002
rgallion,1.0
murphee,1.0
brentp,1.0
kana,0.9999999999999996
ozamosi,1.0
RyanSpeaking,1.0000000000000002
nordsieck,0.9999999999999999
scttymn,1.0000000000000002
hjanetzek,1.0
reybango,1.0
mdk,1.0000000000000002
thijs,1.0
calumr,1.0000000000000002
bretthoerner,0.9999999999999998
zsx,1.0
Olli,1.0000000000000002
omarvelous,0.9999999999999998
StFS,1.0000000000000002
mamapitufo,1.0
pdsull,1.0
lejoe,1.0000000000000002
enquora,1.0
andrewn,0.9999999999999998
charlie,1.0000000000000002
voidfiles,0.9999999999999997
zakk,1.0
morpheuz,1.0
jkochis,0.9999999999999997
justin-rich,1.0000000000000002
benhodgson,0.9999999999999996
niryariv,1.0000000000000013
seancribbs,0.9999999999999999
SpaceCadetEve,1.0000000000000002
jast,1.0000000000000004
sergecpelletier,0.9999999999999999
bronson,1.0000000000000002
cowsandmilk,1.0000000000000002
sporkmonger,1.0000000000000004
dustin,0.9999999999999997
infused,1.0000000000000002
jameydavis,1.0000000000000002
ogyr,1.0
swallick,1.0000000000000002
paulgroves,1.0
shadoi,1.0
akwala,0.9999999999999999
holtmann,1.0000000000000002
brendanlim,0.9999999999999999
nathansobo,1.0000000000000013
dbrown,1.0000000000000002
jon,1.0
guercheLE,1.0000000000000002
vranjank,1.0
neh,1.0000000000000004
thecodedrift,1.0
teej,1.0000000000000002
codemac,1.0
kimj,1.0000000000000002
mattgrayson,1.0
yolfer,0.9999999999999996
aivarannamaa,1.0000000000000002
ruediger,1.000000000000001
potatosalad,1.0000000000000002
xentac,1.0000000000000013
mightymiracleman,1.0
robins,1.0
adrian,1.0000000000000002
krobertson,1.0
duonoid,1.0000000000000002
valnour,1.0
blake,1.0000000000000016
dragon,1.0000000000000002
stephane,1.0000000000000002
kziv,0.9999999999999994
jish,1.0
lrtitze,0.9999999999999999
cj,1.0000000000000002
mtsuruta,1.0000000000000002
hoggarth,0.9999999999999998
sgraham,1.0000000000000002
benaskins,1.0000000000000004
wrl,0.9999999999999998
tacvbo,1.0000000000000002
pointcom,1.0
mw,1.0000000000000002
zettablade,1.0
jfontan,1.0000000000000002
nyxwulf,1.0000000000000002
cicloid,1.0000000000000002
hyperfusion,1.0
florolf,0.9999999999999999
PhillipTaylor,1.0000000000000013
bmabey,1.0
barbieri,1.0
chriseppstein,1.0000000000000002
verbal,1.0000000000000002
ryanlowe,1.0
seflless,1.000000000000001
ayman,1.0000000000000002
tomaszskutnik,1.0
wherecloud,1.0
mspang,1.0000000000000002
stantont,1.0000000000000004
PhilAndrew,0.9999999999999999
apexsutherland,1.0000000000000002
RobertStevenson,1.0000000000000004
jamesakers,1.0
dyoder,1.0000000000000013
wishdev,1.0
mnemonicsloth,1.0
hqm,1.0000000000000004
xueruini,1.0
rahult,1.0
ctrochalakis,1.0000000000000007
treejamie,1.0
stilkov,1.0
chollier,1.0
seanohalpin,0.9999999999999998
jrobertson,1.0000000000000004
pingswept,1.000000000000002
svesely,1.0000000000000002
thetoine,1.0
pilt,1.0
aperfect,1.0000000000000002
vito,0.9999999999999999
mikehaugland,1.0000000000000002
VxJasonxV,1.0000000000000002
michaeltaras,1.0
greghmerrill,1.0000000000000002
billabel,0.9999999999999998
benjuang,0.9999999999999996
stephdau,1.0000000000000002
paxx2,1.0
gbraad,1.0000000000000016
bartTC,0.9999999999999998
caio,1.0000000000000004
dennis,1.0
asb,1.0000000000000013
heimidal,0.9999999999999999
since1968,1.0000000000000018
jamiew,1.0000000000000013
tessro,1.0000000000000007
kassoulet,0.9999999999999998
mikeocool,1.0000000000000002
sabman,0.9999999999999986
rubyisbeautiful,1.0
gutsbolts,1.0000000000000002
caritos,1.0
ariejan,1.0
mhw,1.0000000000000002
kivikakk,1.0
MighMoS,1.0000000000000002
bisho,0.9999999999999999
danderson,1.000000000000001
bobuk,1.0000000000000004
defeated,1.0
peterson,0.9999999999999997
gabe,1.0000000000000002
lethain,1.0000000000000002
markryall,0.9999999999999992
guymeyer,1.0000000000000002
ceball,1.0
kbrock,1.0000000000000009
jsanti,1.0000000000000002
thelema,1.0000000000000016
metavida,1.0000000000000004
dglazkov,1.0000000000000002
rares,1.0
eventualbuddha,0.9999999999999998
georg,1.0000000000000002
azabaj,1.0
nickb,1.0000000000000002
philippamarkovics,1.0000000000000002
casey,0.9999999999999999
herrtreas,1.0
smoofles,1.0
code-later,1.0
mdinacci,0.9999999999999998
hchbaw,1.0000000000000002
anton,1.0000000000000002
fastman,1.0000000000000009
dill,1.0
abisani,1.0000000000000002
teddyzetterlund,0.9999999999999999
blj,0.9999999999999999
fitzage,1.0000000000000009
funkatron,1.0000000000000002
rphillips,1.0000000000000002
lincolnloop,1.0000000000000002
bsenyk,1.0000000000000002
eoghanmccabe,1.0
esanchma,1.0
pfeilbr,1.0
goldenmeanie,1.0000000000000009
mgrajcarek,1.0
davidjrice,1.0000000000000002
mg,1.0
will,1.0
infininight,1.0
sqs,1.0
mjc,0.9999999999999998
aadvaark,1.0000000000000002
jonleighton,1.0000000000000013
clim,1.0
markjeee,1.0000000000000002
jjonphl,1.0
jermaustin,1.0000000000000002
greyfade,1.0000000000000002
harm,1.0000000000000004
jordanfowler,0.999999999999999
davidolrik,1.0
MamaTux,1.0000000000000002
aurelijus,1.0
kavu,1.0
kaiw,0.9999999999999994
kabturek,1.0000000000000002
mrfelcio,1.0
christophsturm,0.9999999999999998
pablopr,1.0000000000000002
countjocular,0.9999999999999978
alxx,1.0
kbaird,0.9999999999999999
fel,1.0000000000000002
michel,1.0
peter,1.0000000000000002
magagnon,0.9999999999999993
colinsurprenant,1.0000000000000002
Pawka,1.0
Atilla,1.0000000000000002
jeffsmith,1.0000000000000002
lee,1.0000000000000002
sroske,0.9999999999999999
tammersaleh,1.0000000000000002
brianculler,1.0
szhao,1.0000000000000002
bricolage,1.0000000000000002
dastels,1.0000000000000013
siebertm,1.0000000000000002
jclarke,1.0000000000000002
bantic,1.0000000000000002
jsa,0.9999999999999988
jonpierce,1.0000000000000002
gregnewman,1.0000000000000002
zeenix,1.0000000000000002
lstep,1.0
garethr,0.9999999999999999
ruphy,1.0
whomwah,1.0000000000000002
billm,0.9999999999999997
dmeiz,1.0000000000000004
carlosbrando,1.0000000000000002
dcancel,1.0000000000000004
fairchild,1.0
eduardo,1.0000000000000002
pilhofer,1.0
gicmo,1.0000000000000002
bratsche,0.9999999999999999
btaylor,1.0000000000000002
iamstillalive,1.0
harrisj,0.9999999999999999
dguettler,1.0
ericgoodwin,1.0000000000000007
gburt,1.0000000000000007
kirk,1.0
bbttxu,0.9999999999999998
kbob,1.0000000000000004
protocarl,1.0
andreum,1.0000000000000002
nathanwfish,1.0
garnaat,1.0000000000000002
trak3r,0.9999999999999998
zhhz,1.0000000000000002
fahim,0.9999999999999999
sah,1.0000000000000007
Stefan,1.0
kopertop,1.0000000000000009
vertiginous,0.9999999999999998
rwl4,0.9999999999999992
sgala,0.9999999999999989
abbra,0.9999999999999999
kblake,1.0
electric,1.0
CharlieSu,1.0
isaac,1.0
JackDanger,1.0000000000000002
cjse,1.0
imajes,1.0
teamtux,1.0
teyc,0.9999999999999997
jaw6,1.0
whoisjake,0.9999999999999991
jeannie,1.0
cmaggard,1.0
hspitia,1.0000000000000007
Bira,1.0000000000000002
notch8-old,1.0
jamesaspinwall,1.0
laribee,1.0000000000000002
sanga,1.0000000000000002
clee,1.0000000000000007
abedra,1.0000000000000002
bjsteiger,1.0
bigjhnny,1.0000000000000002
simonpk,1.0000000000000002
matthutchinson,1.0000000000000002
bohford,1.0
pjanderson,1.0000000000000002
leonho,1.0
ericstewart,0.9999999999999997
jobi,0.9999999999999992
jcnetdev,1.0000000000000002
johnclaus,1.0000000000000002
Wobin,0.9999999999999998
iamruinous,1.0
quicklywilliam,0.9999999999999999
chipski,1.0000000000000004
misto,1.0000000000000013
winston,1.0000000000000002
Sigurd,1.0000000000000002
eastein,1.0
jasonwatkinspdx,1.0000000000000002
CrazyPit,1.0
jnwhiteh,1.0
yuri,0.9999999999999997
akhavr,1.0
mtrimpe,0.9999999999999997
gma,1.0000000000000004
h3xl3r,1.0
roy,1.0000000000000002
cjsmessaert,1.0
river,1.0
bruci,1.0
nunonunes,1.0
badboy,1.0000000000000002
jeremyf,0.9999999999999999
ynyreds,1.0
virtuoso,1.0000000000000002
danhorst,1.0000000000000002
clarkbw,0.9999999999999999
xionon,1.0000000000000002
dneighbors,1.0
reynhout,1.0000000000000002
rchuasing,1.0
jamieorc,0.9999999999999999
anoopr,1.0000000000000002
pcapriotti,1.0
maccman,1.0
cselmer,1.0000000000000002
jsullivan,1.000000000000001
mattpolito,0.9999999999999996
fleadope,1.0000000000000002
pcrawfor,1.0000000000000002
mrmemes-eth,1.0000000000000016
Odaeus,1.0000000000000009
JeremyGrosser,1.0
grahambancroft,1.0
benvinegar,1.0
bfolkens,1.0
rich,1.0
briandailey,1.0
JoshD,1.0000000000000002
Dunkelschorsch,1.0
mikerentas,1.0000000000000002
kakutani,1.0000000000000002
febuiles,1.0000000000000002
getconor,1.0000000000000002
patoh,1.0
errcw,0.9999999999999994
doubledare,1.0000000000000002
octover,1.0
harmon,0.9999999999999999
rgregory,1.0000000000000002
mattbeedle,1.0000000000000002
pardel,0.9999999999999999
sethwalker,0.9999999999999989
langalex,1.0
Fudge,1.0
ppierre,1.0
yolk,1.0000000000000002
virgild,0.9999999999999989
kellan,1.0
lucaspanjer,1.0000000000000002
yeah,1.0
danp,1.0000000000000002
martincik,1.0000000000000002
booleanman,1.0
benstiglitz,1.0000000000000002
kemayo,1.000000000000001
unders,1.0
ralph,1.0
peterlih,1.0
gnoshme,1.0000000000000002
jeremybise,1.0
foucist,1.0000000000000009
arthurschreiber,1.0000000000000004
rbarooah,1.0
jonnii,1.0
az,1.0
herzi,1.0000000000000002
uwolfer,0.9999999999999999
kjg,1.0
thomasscovell,1.0000000000000002
spirozh,1.0000000000000002
svenfuchs,1.0
SteveMarshall,1.000000000000001
damnpenguins,0.9999999999999999
slewis,1.0
Zariel,1.0000000000000002
dwillis,1.0000000000000002
whiteley,1.0
spike,1.0000000000000002
tdyer,1.0000000000000016
redondos,1.0000000000000002
myelin,1.0000000000000002
techpeace,1.0000000000000002
mlandauer,1.0000000000000002
stevenberg,0.999999999999999
jathayde,0.9999999999999991
mage2k,1.0
leifthande,1.0000000000000002
tjl,1.0
bobreyes,0.9999999999999999
trashpanda001,1.0000000000000002
mgreenly,1.0000000000000002
aseigo,0.9999999999999999
davidmduarte,1.0000000000000002
ryanirelan,0.9999999999999999
goban,1.0
davidt,1.0000000000000002
melriffe,1.0
softprops,0.9999999999999999
kristinalim,1.0
vamsee,1.0
joannou,1.0000000000000002
pedro,1.0000000000000009
macio,1.0
seb,1.0
aaronbrethorst,1.0
kamui,1.0
kates,0.9999999999999999
cyx,1.0000000000000002
jerome,1.0000000000000002
simonm,1.0
MDCore,1.0000000000000002
nazgul,1.0
zhenyi,1.0000000000000002
JamesHarrison,1.0000000000000002
omnifroodle,0.9999999999999998
jro,1.0000000000000004
mag,1.0000000000000002
jonner,1.0000000000000002
djanowski,1.0
ginader,1.0
raul,1.0000000000000013
cdemyanovich,1.0000000000000013
jemminger,1.0
jmazzi,1.0000000000000002
simeng,1.0000000000000007
jcoletaylor,1.0000000000000002
neodude,1.0000000000000002
claus,1.0
charleseff,1.0000000000000009
edsinclair,1.0000000000000002
johnh,1.0
benaldred,1.0000000000000002
jcartwright,1.0000000000000002
botrby,1.0000000000000002
redsymbol,0.9999999999999997
xn,1.0000000000000002
dustyd,1.0
cc,1.0000000000000002
zeke,1.0000000000000002
wesmaldonado,0.9999999999999991
kenpratt,1.0
jacib,1.0000000000000002
stesla,1.0
envoked,0.9999999999999994
cheeaun,1.0000000000000002
blair,1.000000000000001
scrubber,1.0000000000000002
webmat,1.0000000000000004
soult,1.0000000000000002
danja,1.0000000000000002
jerrett,1.0000000000000007
agrover,0.9999999999999998
timothykim,1.0
Frost,0.9999999999999986
edgecase,1.0
eungyu,1.0
phurley,1.0
infil00p,1.0000000000000018
dw,0.9999999999999991
voins,1.0000000000000002
flexd,1.0
danimal,1.0000000000000002
wukerplank,1.0000000000000002
alloy,1.0000000000000007
jthomas,0.9999999999999999
kschrader,1.0000000000000002
ademcho,1.0
jkit,1.0000000000000002
zequix,1.0
DrMark,1.0000000000000009
rrosson,1.0000000000000002
catharinejm,1.0000000000000007
niroze,1.0000000000000002
jwarchol,1.0000000000000002
konobi,0.9999999999999996
digitalronin,0.9999999999999999
sungo,1.0
anthonycrumley,1.0000000000000002
kriberg,1.0000000000000002
mjwall,1.0000000000000002
rcarver,1.0000000000000013
oliver,1.0
gruner,0.9999999999999997
garrizaldy,1.0
jbrewer,1.0
iccodes,1.0000000000000002
percyperez,1.0000000000000002
pvande,1.0
ChadOhman,1.0000000000000007
tuplebunny,1.0000000000000007
angelo0000,1.0000000000000002
jash,1.0
jhirbour,1.0000000000000002
awallwork,1.0000000000000002
Heril,0.9999999999999999
daeken,0.9999999999999998
abasit,1.0
disnet,0.9999999999999998
darashi,1.0000000000000002
ebangug,1.0000000000000002
Dieken,1.0
nick-b,1.0000000000000004
jrockway,1.0
lauer,1.0000000000000002
jhoyimperial,1.0000000000000002
soulim,1.0000000000000002
hojberg,0.9999999999999999
pfefferle,0.9999999999999999
diroussel,0.9999999999999999
bastien,1.0000000000000002
jdelStrother,1.0000000000000004
johnnyjacob,1.0
davidwparker,1.0
garyvanhoek,1.0000000000000002
metaskills,1.0
aom,1.0000000000000002
sherrry,1.0000000000000002
levent,0.9999999999999999
codyfauser,1.0000000000000002
mauve928,1.0000000000000002
jstotz,0.9999999999999994
jonlongnecker,1.0000000000000002
jwoertink,1.0000000000000009
timshadel,1.0000000000000009
ecarnevale,1.0000000000000002
mars888,1.0
hb,1.0000000000000002
mugwump,1.0
cdmwebs,0.9999999999999998
tomtoday,1.0
stevebartholomew,1.000000000000001
chrisjones,1.0000000000000004
hungryblank,1.0000000000000004
jamesarosen,1.0000000000000009
Peeja,1.0
smgt,1.0
rope,0.9999999999999999
ck,0.9999999999999998
drone29a,1.0
zulak,1.0000000000000002
libin,1.0
richievos,1.0
jasondew,1.0
mikehodgson,1.0
mghaught,1.0000000000000002
akappen,1.0000000000000002
shuber,1.0000000000000009
billymeltdown,1.0000000000000004
qrprat77,1.0
karouf,1.0000000000000002
bdericks,1.0000000000000004
dfischer,1.0000000000000002
mileszs,0.9999999999999996
vargthon,1.0000000000000002
zemariamm,0.9999999999999988
sandrejev,1.0000000000000002
vidar,0.9999999999999999
cyu,0.9999999999999997
mmcgrana,1.0
qmclaugh,1.0
orlin,1.0000000000000002
rumble,1.0
DraXus,0.9999999999999998
duff,1.0
dhess,1.0000000000000002
ouvanous,1.0000000000000002
marcopaga,1.0000000000000002
Oshuma,1.000000000000001
chriscorrea,0.9999999999999993
avodonosov,1.0
mocoso,1.0
mhorbul,1.0000000000000004
efrendiaz,1.0000000000000002
nauj27,1.0000000000000002
toastdriven,0.9999999999999991
fagiani,0.9999999999999999
zilkey,1.0000000000000002
dandorman,0.9999999999999999
aezell,0.9999999999999999
pacastillo,1.0000000000000004
sethbc,0.9999999999999998
robertknight,1.0
johan,1.0000000000000007
cmatthias,1.0
jonasb,0.9999999999999996
ahlen,1.0
kael,0.9999999999999998
dcparker,1.0000000000000016
fernand0,1.0
criscokid,1.0000000000000007
baccigalupi,1.0
tgittos,1.0
hallidave,0.9999999999999994
ashri,1.0000000000000002
victortolbert,1.0
djones,1.0000000000000002
jgelens,1.0000000000000004
Roman2K,1.0
jasontorres,1.0
neovintage,1.0000000000000002
scotthenley,1.0000000000000002
jugglebird,0.9999999999999992
dingyi,1.0000000000000002
RyDawg,1.0000000000000002
nertzy,1.0
mootoh,1.0000000000000016
moustaki,0.9999999999999998
Tux,1.0000000000000016
bertoldofonseca,1.0
sturob,1.0
daesan,1.0
kallepersson,1.0000000000000002
filipe-zz,1.0
patrickt,0.9999999999999996
antonysastre,1.0
kdaigle,0.9999999999999993
rsutphin,1.0000000000000002
tobiash,0.9999999999999999
hofo,1.0000000000000002
stevepsharpe,0.9999999999999999
patrickxb,1.0000000000000002
patrickdet,1.0
ramunas,1.0000000000000002
redsquirrel,1.0
jdpace,0.9999999999999992
artisonian,1.0000000000000007
andreas,1.0000000000000007
fmardini,1.0000000000000002
fred,1.0
RowanH,1.0000000000000002
gulopine,1.0000000000000002
btedev,0.9999999999999999
zac,1.0000000000000004
GavinJoyce,1.0000000000000002
alainravet,0.9999999999999998
jcaldwell,0.9999999999999999
ryanh,1.0000000000000002
mbaltar,0.9999999999999994
Aeon,1.0
theshortcut,1.0000000000000004
type11error,0.9999999999999996
nikosd,1.0000000000000002
oleriesenberg,1.0
kevinhankinson,1.0
danielbushman,0.9999999999999998
mja,1.0000000000000013
jacques,1.0
lukec,1.0
maser,1.0000000000000002
skalnik,0.9999999999999998
BlueBassist,1.0
galaxycats,1.0000000000000013
jbritten,1.0000000000000007
nolan,1.0000000000000004
suls,1.0000000000000002
HiroProt,0.9999999999999997
thepler,1.0
mig,1.0000000000000002
digant,1.0000000000000002
wotsrovert,1.0000000000000002
nis,0.9999999999999999
jipumarino,1.0000000000000013
bjeanes,1.0000000000000009
netarc,1.0000000000000002
carmi,1.0000000000000004
dwilson,1.0
crimond,1.0
mguymon,1.0000000000000002
tmm1,1.0000000000000002
mikewadhera,1.0
aaronmgriffin,0.9999999999999998
aiwilliams,1.0
jgehtland,1.0000000000000002
mackstann,1.0000000000000013
NaterGator,1.0000000000000016
tricon,1.0000000000000002
nickm,1.0000000000000002
martinstannard,1.0
hughevans,1.0
lhl,1.0000000000000013
ctagg,1.0000000000000002
morgs,1.0
laurio,0.9999999999999992
johnfuller,1.0000000000000002
scvalex,1.0000000000000002
stuarthalloway,0.9999999999999998
lsc,1.0
tmenick,1.0
zodttd,0.9999999999999997
dscoleman,1.0000000000000004
standout,1.0000000000000002
dmcnally,1.0
mediogre,0.9999999999999999
nakula,1.0000000000000002
mieg,1.0
mrubens,1.0
nickmc,1.0000000000000002
gholker,1.0000000000000002
sstephenson,0.9999999999999997
ricktessner,1.0000000000000002
alistair,1.0
lynnwallenstein,1.0
gstark,1.0000000000000009
mzarra,1.0000000000000004
mchung,1.0000000000000002
noonat,1.0000000000000004
mralex,1.0
strongcoffee,1.0000000000000002
linuxyz,1.0
rrichards,0.9999999999999996
baron,0.9999999999999999
Gregg,1.000000000000001
dagbrown,1.0
emghufran,0.9999999999999996
bradfitz,1.0
dittos,0.9999999999999997
copumpkin,1.0000000000000002
bhauman,1.0000000000000002
momerath42,1.0000000000000009
samzurcher,1.0000000000000002
matthiask,1.0
mattfoster,1.0
jaimeiniesta,1.0
makoto,1.0
tobias,1.0
tek,1.0000000000000002
FunkeeMonk,1.0
cdwills,1.0000000000000002
jfalcon,1.0
themattharris,0.9999999999999996
hlopez,1.0000000000000002
jonstep,1.0
hurrycane,0.9999999999999991
samsouder,1.0000000000000002
neil,1.0000000000000004
jd,0.9999999999999999
juhazi,1.0
dshipton,1.0000000000000002
mkhatib,1.000000000000001
jeanlazarou,0.9999999999999986
dougcole,1.0000000000000002
danidoni,1.0
bmaland,1.0
yfactorial,1.0
tjweir,1.0000000000000002
walf443,1.0
Tobu,1.0
willduncanphoto,1.0
BlackNet,1.0
drazed,1.0
russell,1.0
chendo,1.0
slime73,1.0
batasrki,0.9999999999999997
darrylring,0.9999999999999998
sss,1.0
gabriel,0.9999999999999998
huikau,1.0000000000000002
markng,1.0
engtech,1.0000000000000002
jonysk,1.0
oc,0.9999999999999999
lduncan,0.9999999999999998
paulreimer,1.0000000000000013
twleung,1.0
temas,0.9999999999999996
davejohnson,1.0000000000000002
janne,0.9999999999999999
unfo,0.9999999999999999
Xenome,1.0
fabiano,1.0
radar,1.0000000000000009
brentmc79,1.0000000000000002
btweller,1.0
NaTTs,1.0000000000000002
theinterned,1.0000000000000007
jbancroft,1.0000000000000002
usman,1.0
rwc9u,0.9999999999999999
pferreir,1.0000000000000004
lucasefe,0.9999999999999987
calas,1.0
geoffgarside,1.0
trabian,1.0
jnareb,1.0000000000000016
iorum-ie,1.0000000000000002
Inviz,1.0
jmorton,1.0000000000000002
frazerh,1.0
kevinchiu,0.9999999999999999
antonmos,1.0
chapados,1.000000000000001
andrewgarner,1.0
maryrosecook,1.0000000000000004
zacbir,1.0000000000000002
hugobarauna,1.0
fesplugas,1.0
mirven,1.000000000000001
jakubkosinski,1.0000000000000002
holman,0.9999999999999999
kovacs,1.0000000000000002
Ramarren,0.9999999999999996
mjoslyn,1.0
invalidusrname,1.0000000000000007
bickfordb,0.9999999999999991
mleung,1.0000000000000004
diasjorge,1.0000000000000002
ccollins,1.0000000000000002
eklitzke,0.9999999999999989
tvongaza,1.0
dewitt,1.0
pedrosanta,1.0000000000000002
kumekay,1.0000000000000002
tarvaina,1.0
dhh,1.0
ab5tract,1.0
claymccoy,0.999999999999999
pervel,1.0000000000000002
rufo,1.0
dmolsen,1.0
bakineggs,0.9999999999999999
jmah,1.000000000000001
fabien,1.0
stderr,0.9999999999999993
skorgu,1.0
dbeach,1.0000000000000002
kolach,0.9999999999999998
faisal,1.0
joaofs,0.9999999999999998
asheriff,1.0000000000000002
bradland,1.0
bradfordw,0.9999999999999993
jonathan,1.0000000000000009
nono,1.0
drw,1.0000000000000002
freshtonic,1.0000000000000002
andymatuschak,1.000000000000001
mayo,1.0000000000000002
freetwix,1.0000000000000002
Ninju,0.9999999999999998
guenin,1.0
cabrilo,1.0000000000000002
twobit,1.0
andycroll,0.9999999999999996
chorrell,0.9999999999999999
Grayson,1.0000000000000016
ozeias,1.0000000000000002
acesuares,0.9999999999999994
tritq,1.0
lavallee,1.0000000000000004
jsallis,1.0000000000000002
jawbroken,1.0
joshuabates,0.9999999999999991
bbum,1.0000000000000002
deepblue,1.0
Geert,0.9999999999999993
yannick,1.0
wildtangent,0.9999999999999999
dlc,1.000000000000001
masone,0.9999999999999999
spgarbet,1.0000000000000002
vickeryj,1.0000000000000002
dgfitch,1.0000000000000002
Jeraimee,1.0000000000000002
haruska,1.0000000000000002
mdarby,1.0000000000000002
bprater,1.0000000000000002
alakra,1.0000000000000002
comewalk,1.0000000000000002
jcontonio,1.0
buggedcom,1.0
cgodefroy,1.0000000000000007
maxime,0.9999999999999997
davidwoodhouse,1.0000000000000002
jeffgabhart,1.0
dbalexandre,1.0000000000000002
plaz,1.0
euphoria,1.0000000000000002
mikker,0.9999999999999999
dhowden,1.0
andrianm,1.0
ceejayoz,1.0
bretthall,1.0
prepor,1.0000000000000002
Ossi,1.0
masukomi,0.9999999999999997
mterenzio,1.0
semin,1.0
micah,1.0
namelessjon,1.0000000000000013
goblin,1.000000000000001
rand,1.0000000000000002
poulikov,1.000000000000001
pdamer,1.0000000000000002
derencius,1.0000000000000002
akitaonrails,1.0
chmurph2,1.0
wesabe,1.0000000000000002
tsykoduk,1.0
stem,1.0
aruiz,1.0000000000000013
mudboy,1.0000000000000002
andrzejkrzywda,0.9999999999999999
paulgribble,0.9999999999999989
dringoen,1.0000000000000002
matte,1.0000000000000002
tene,1.0000000000000002
aktagon,1.0
ellinghaus,1.0
lackstein,1.0000000000000009
peej,1.0
rcorrear,1.0000000000000004
neiled,1.0000000000000002
davidmathers,1.0
divoxx,0.9999999999999999
firmasaga,1.0
richq,0.9999999999999996
wakatara,1.0
nutrun,1.0000000000000002
mdp,1.0000000000000002
nigelsim,1.000000000000001
rubyredrick,1.0000000000000002
dr-kd,1.0000000000000013
precipice,1.0000000000000004
emerose,1.0000000000000002
aredridel,1.0000000000000007
dennmart,1.0000000000000002
mrb,1.0000000000000004
mwrshl,1.0
pvh,1.0000000000000002
niick,1.0000000000000002
nikolay,1.0
zbender,1.0000000000000002
anjin,1.0000000000000002
Pistos,1.0
dblack,1.0000000000000002
yangjindong,1.0
elucid,1.0000000000000002
jeffd,1.0
jspillers,0.9999999999999988
shanselman,0.9999999999999992
twifkak,1.0000000000000002
agebert,1.0000000000000002
aub,1.0
maxx,0.9999999999999999
wildfalcon,1.0000000000000004
sizix,1.0
stefw,1.0
bgreenlee,1.0
reagent,1.0
broonie,1.0000000000000002
jwhiteman,1.0000000000000007
rubyconsumer,1.0000000000000007
apardo,1.0
ioptics,1.0000000000000002
atw,1.0000000000000004
jcn,1.0000000000000002
ohammersmith,1.0000000000000002
mperham,0.9999999999999997
crowbot,0.9999999999999997
ja,1.0
geordan,1.0000000000000004
hexorx,1.0000000000000002
imkite,1.0000000000000002
AlSquire,1.0
elfredpagan,0.9999999999999999
david-harkness,1.0
clarabstract,0.9999999999999999
Soleone,1.0000000000000002
albertito,1.0
madmatah,1.0000000000000009
matthewcarriere,1.0000000000000002
sonny,1.0000000000000002
georgeguimaraes,0.9999999999999998
austinfromboston,1.0
michael,1.0000000000000009
adamstac,1.0
alexk,1.0
stuartsaunders,1.0
ajmorris,1.0
ningerso,1.0000000000000002
courtenay,1.0000000000000002
nope,0.9999999999999993
pope,1.0
osake,1.0000000000000002
lagartoflojo,1.0000000000000002
chl,1.0
gen2002,0.9999999999999994
rwjc,1.0
quickredfox,0.9999999999999999
gavin,1.0
thedavidprice,1.000000000000001
lgarcia,1.0
soylentfoo,1.0000000000000002
chrisortman,1.0000000000000004
cscotta,1.0
itsmattking,1.0000000000000002
pieter,1.0
ammar,1.0000000000000002
ewagoner,1.0000000000000004
Tunsworthy,0.9999999999999993
Machx,1.0000000000000002
mczepiel,1.0
mattknox,1.0
kenderson,1.0000000000000002
scottwhite,1.0
erikmack,1.0000000000000013
skiz,1.0000000000000009
andrewmaier,0.9999999999999999
rentzsch,1.0
adakkak,0.9999999999999999
tapz901,1.0000000000000002
khigia,1.0000000000000002
JonathanTron,1.0
adhusson,0.9999999999999997
webicus,1.0
Karimbou,1.0000000000000002
jgarlick,1.0
karnowski,1.000000000000001
johan--,0.9999999999999999
schmurfy,1.0
zzgavin,1.0000000000000002
Xuerian,0.9999999999999996
paulanthonywilson,0.9999999999999999
ideaoforder,1.0000000000000002
jasonrudolph,1.0000000000000004
summerville,1.0000000000000002
dweinand,1.000000000000001
kschiess,1.0
arthurgeek,1.0000000000000002
luniki,1.0000000000000002
Gori,1.0
stinie,1.0000000000000002
jfchevrette,0.9999999999999998
reddavis,1.0
mdiedric,1.0
greenstem,1.0
powerchurch,1.0
tarasis,0.9999999999999999
edruder,1.0000000000000002
cbernardi,1.0
fnando,1.0
subblue,1.0
youngbrioche,1.0
mroch,0.9999999999999999
gustavocardoso,1.0000000000000002
thiagoarrais,1.0000000000000002
rwanderley,1.0
ufef,1.0000000000000002
ebryn,1.0000000000000007
cbarrett,1.0000000000000009
purplefoot,1.0
floere,1.0
messer,1.0000000000000002
zsombor,0.9999999999999999
kernow,1.0000000000000002
math0ne,1.0000000000000002
objectfox,0.9999999999999999
eparreno,1.0000000000000002
robrasmussen,1.0
keeruline,1.0000000000000002
eah,1.0000000000000002
mattkanwisher,1.0
okiess,1.0000000000000002
markdillon,0.9999999999999998
eltiare,1.0
esteil,1.0
harper,1.0000000000000002
brendanjerwin,0.9999999999999998
sarchertech,1.0000000000000002
strykstaguy,0.9999999999999997
segfault,1.0
UntoThisLast,1.0000000000000002
jgm,1.0
joonathan,1.0000000000000002
fitz,1.0000000000000002
chilts,1.0000000000000002
squadette,1.0000000000000004
igowen,1.0000000000000002
nipuL,1.0000000000000002
metade,1.0
sebug,1.0
patricklai,1.0
KennethDalgleish,1.0
difro,1.0000000000000002
fireeagle,1.0000000000000002
byllc,1.0000000000000009
shodZ,1.0
bluemarvin,0.9999999999999994
command-tab,0.9999999999999999
Kyonko,1.0000000000000002
jimjimovich,1.0000000000000004
bdecrem,1.0
jonsgreen,1.0
niko,1.000000000000001
franco,0.9999999999999998
severin,1.0
ariekeren,1.0
rmorrell,1.0
joekhoobyar,1.0000000000000002
wpdavenport,1.0
Jabbslad,1.0000000000000009
woods,1.0000000000000002
jcfischer,0.9999999999999998
marcus,0.9999999999999999
kbingman,0.9999999999999997
cho45,1.0
evansims,1.000000000000001
djwonk,1.0000000000000002
nchapman,1.0
mletterle,1.0000000000000004
SRabbelier,1.0000000000000002
eng,0.9999999999999998
pvelder,0.9999999999999986
Andrea,0.9999999999999999
notlaforge,1.0000000000000004
spurton,0.9999999999999999
tijs,1.0
Zenithar,1.0000000000000002
bbuckley,0.9999999999999986
rgiard,1.0
mml,1.0000000000000002
ronier,1.0
jbarnette,1.000000000000001
mqjjb30e,1.0000000000000002
jacob,1.0000000000000002
brianjlandau,1.0000000000000009
mineiro,0.9999999999999998
tenderlove,0.9999999999999999
bmelts,0.9999999999999998
felixclack,1.0000000000000002
maccheck,1.0
elliottslaughter,1.0000000000000013
Cale,0.9999999999999999
sloser,1.0
don,1.0
timriley,1.0
neilmcg,1.0
dpb,1.0
ryuji,1.0000000000000002
hdiogenes,1.0000000000000009
AmkG,1.0000000000000002
jlsync,1.0
problem,1.0000000000000002
offby1,1.0000000000000013
psychs,1.0
kostas,1.0
absz,1.0000000000000002
shlomif,0.9999999999999994
jasonmccay,1.0000000000000002
BenWard,0.9999999999999998
johnd,0.999999999999999
pudney,1.0000000000000002
mikepence,1.0
threeve,1.0000000000000002
bugQ,1.0000000000000004
deancameron,1.0
akkartik,0.9999999999999999
nicoulaj,1.0000000000000002
moraes,1.0
pwkoolj,1.0
leeky,1.0
slashdotdash,1.0000000000000002
riggasconi,1.0
floehopper,0.9999999999999999
hpopp,0.9999999999999999
zilionis,1.0000000000000002
jfernandez,1.0000000000000002
markofkin,1.0000000000000002
AlexFarran,1.0
melfar,1.0000000000000002
dsabados,1.0000000000000002
invalidrecord,1.0
captblanket,1.0
tastapod,0.9999999999999999
pyodor,0.9999999999999998
hemer,1.0
caleon,1.0000000000000002
is,1.0000000000000002
muonoum,1.0000000000000002
tomstuart,1.0000000000000009
sacado,1.0
mitblan,1.0000000000000002
arete,1.0000000000000002
cptfinch,1.0
davidnarayan,1.0
rubystream,1.0000000000000013
nbarthelemy,1.0000000000000002
aziz,1.0
troels,0.9999999999999998
pepe,1.0000000000000002
anjo,1.0
gsiener,0.9999999999999999
seanmurph,1.0000000000000002
tkhozein,1.0
alto,1.0
kaipr,1.0000000000000002
spiegela,1.0000000000000009
steveodom,1.0000000000000002
patmcnally,1.0000000000000002
tpikonen,0.9999999999999984
jaz303,0.9999999999999999
tmarkiewicz,0.9999999999999998
lewism,1.0000000000000002
thomasjachmann,1.0000000000000002
brendanrankin,1.0000000000000002
dje,1.0
exit91,1.0
jasonroelofs,0.9999999999999997
developernotes,1.000000000000001
erbmicha,0.9999999999999996
gmoothart,1.0000000000000007
alexeypegov,1.0000000000000002
statonjr,0.9999999999999998
wizardwerdna,1.0000000000000004
joshrotenberg,0.9999999999999999
cromulus,1.0000000000000002
tyler,1.0000000000000004
andy,1.0000000000000002
mikea,1.0
asacalow,0.9999999999999999
loe,1.0000000000000002
dwalters-zz,1.0
pirxpilot,0.9999999999999998
chriswarren,1.0
avdgaag,1.0000000000000013
robertbrook,1.0000000000000016
paolodona,0.9999999999999993
barryf,1.0000000000000002
fredrikbach,1.0000000000000002
zimbatm,1.000000000000001
ryanfelton,1.0000000000000007
bjtitus,1.0000000000000002
apanda,1.000000000000001
sgtcoolguy,1.0
pacifists,1.0
gustavomzw,1.0
westphahl,1.0000000000000013
tdraegen,1.0
stephenhandley,1.0000000000000013
earino,1.0000000000000002
milli,1.0000000000000002
chronicole,1.0000000000000002
peterdavidhamilton,0.9999999999999998
dugsmith,0.9999999999999999
chadwpry,1.0
ehird,1.0
itay,1.0000000000000002
ryanahamilton,1.0000000000000002
uhlenbrock,0.9999999999999999
ettomatic,1.0000000000000007
mhennemeyer,1.0000000000000002
morty,1.0000000000000002
rpgoldman,1.0000000000000002
leewbutler,1.0
jdigger,1.0000000000000002
smtm,1.0000000000000002
mfb,1.0000000000000002
nextmat,1.0000000000000002
smartkiwi,1.0000000000000002
mtwentyman,1.0000000000000002
scottag99,1.0000000000000002
dragosdimitriu,1.0000000000000002
mkrisher,1.0
gumgum,1.0
tomkersten,1.0000000000000002
barwin,1.0
brownsm,1.0
kris,1.0000000000000002
michaelp,1.0000000000000002
shaiguitar,1.000000000000001
tpaksu,1.0000000000000002
buck,0.9999999999999989
sgabello,1.0000000000000002
werkshy,1.0000000000000002
stany,1.0
jherdman,1.0000000000000002
rfugger,1.0
k0001,1.0000000000000002
jedbrown,0.9999999999999999
shenie,1.000000000000001
vasi,0.9999999999999997
stueccles,1.0
richdownie,0.999999999999999
ddollar,1.0000000000000002
adulau,1.0000000000000013
neomindryan,1.0
fauxmachine,1.0
snatchev,1.0000000000000002
cris,0.9999999999999996
dougeven,1.0
yaegor,0.9999999999999999
AllanD,1.0000000000000002
Industrial,0.999999999999999
AdamG,1.0000000000000007
nimblemachines,1.0
wuputah,1.0
lperichon,1.0000000000000013
nonsequitur,1.0
raymyers,0.9999999999999998
mylescarrick,0.9999999999999998
adragomir,1.000000000000001
tehmaze,1.0000000000000013
jbernard,0.9999999999999999
billeisenhauer,1.0
jaywilliams,0.9999999999999999
jim,1.0000000000000004
dan-manges,1.0000000000000002
hippo5329,0.9999999999999998
dante-xx,1.0000000000000002
ThisOldCoder,1.0000000000000002
amaximov,1.0000000000000004
KiWiB0RG,1.0
mathias,0.9999999999999997
abraham,1.0
gerhard,0.9999999999999998
brianteutsch,1.0
Sputz,1.0000000000000002
vknightbd,1.0000000000000002
bergie,1.0000000000000002
tec,0.999999999999999
gilpa,1.0000000000000002
hasham2,1.0000000000000013
noozo,0.9999999999999999
ianwinter,1.0000000000000002
dido,0.9999999999999993
dtsato,1.0000000000000002
tapajos,0.9999999999999992
miloops,1.0
timblair,0.9999999999999998
brennandunn,1.0
senko,1.0000000000000002
DefV,1.0000000000000004
FloTuEuR,1.0
bensherman,1.0000000000000002
mikel,1.0000000000000002
matthewvb,1.0000000000000002
jonaphin,0.9999999999999996
oracle202,1.0000000000000002
stefano,1.0000000000000002
ryanw,1.0000000000000002
viniciusteles,1.0000000000000002
jderrett,1.0000000000000002
gohanlon,1.0
liz,0.9999999999999997
doug,1.0
jflatow,0.9999999999999999
fabricio,1.0
tavon,1.0
jhubert,1.0000000000000002
sgruhier,0.9999999999999997
fxn,1.0
towynlin,1.0
madrobby,1.0000000000000004
kporangehat,1.0
tobie,1.0
rue,0.9999999999999999
thomd,1.0000000000000002
kirbmart,1.0
jacqui,0.9999999999999999
sunfast,1.0
djalmaaraujo,1.0
cade,1.0
codelotus,0.9999999999999997
jaywhy,1.0000000000000002
nawoto,1.0
minichiello,1.0000000000000002
felipemesquita,1.0
kinghajj,1.0000000000000002
thomas,1.0000000000000002
rugyoga,1.0
astubbs,1.0
thoughtpolice,1.0000000000000004
guyvdb,1.0000000000000004
moro,0.9999999999999988
typester,1.0000000000000016
grundprinzip,1.0000000000000002
ms-peter,1.0
mbrindley,1.0000000000000004
educhana,1.0000000000000002
pulni,1.0000000000000002
wick3d,1.0
caring,1.0
antelio,1.0
joshutt,1.0000000000000002
whartonn,1.0000000000000002
grobie,1.0000000000000002
sunfjun,0.9999999999999999
rafudu,1.0000000000000013
jnarowski,0.9999999999999997
copyhacker,1.0000000000000002
mash,0.9999999999999999
indrekj,0.9999999999999998
AbortRetryFail,1.0000000000000002
xilo32,1.0
yipstar,1.0000000000000002
handcrafted,1.0
mikeymicrophone,0.9999999999999997
kieran,1.0
frederik,1.0
gubler,1.0000000000000013
robmckinnon,0.9999999999999996
fester,1.0000000000000002
savetheclocktower,1.0000000000000009
CodyBohn,0.9999999999999996
voceconnect,0.9999999999999999
braintree,1.0000000000000002
jbsf,1.0000000000000002
blissdev,0.9999999999999999
niclas,1.0
kentaro,0.9999999999999994
wonko,1.0000000000000002
viktors,1.0000000000000002
dbackeus,1.0000000000000013
jimiray,1.0000000000000002
stevenbristol,0.9999999999999998
sneeu,1.0
kalos,1.0
kovyrin,1.0000000000000004
penryu,1.0000000000000002
Sajfer,1.0000000000000002
scytrin,1.0000000000000002
ocher,1.0000000000000009
komu,1.0
neurokinetikz,1.0000000000000002
austinmoore,0.9999999999999996
ncarlson,1.0
dce,0.9999999999999997
ahsanziauddin,1.0000000000000002
rphipps,1.0
imcqueen,1.0
farski,1.0
amyhoy,1.0
kswedberg,1.0000000000000002
jmazzahacks,1.0000000000000002
nico,1.0000000000000002
mattdaw,1.0000000000000002
ireuben,1.0
drd,0.9999999999999998
prototype,1.0
chap,0.9999999999999999
theotherholt,1.0
rboyce,1.0000000000000002
miyagawa,1.0000000000000002
hotchpotch,1.0
jrray,1.000000000000001
hidek,0.9999999999999999
tpoland,0.9999999999999999
adamdill,1.0000000000000002
rob99,1.0000000000000002
manveru,1.0000000000000002
kig,1.0
tarmo,1.0000000000000002
rjanse,1.0
flo,0.9999999999999997
toninho,1.0
atnan,1.0000000000000002
jscheid,1.0000000000000004
FND,1.0000000000000002
erkki,1.0
insightmethods,1.0
tbalthazar,1.0000000000000002
orion,1.0000000000000002
jonathannelson,1.0000000000000002
marcbey,1.0000000000000002
tie-rack,0.9999999999999999
TomK32,1.0
markbates,0.9999999999999997
renato,1.0000000000000002
t0xa,1.0
shoe,1.0000000000000002
etiennebarrie,1.0
drewolson,1.0
npverni,1.0000000000000002
tante,1.0000000000000002
jomz,1.0000000000000002
pluskid,1.0000000000000018
jbarket,1.0000000000000002
gene-smith,1.0
dantebronto,1.0000000000000002
mdirolf,1.0000000000000009
bobvarghese,1.0
AArnott,1.0
oakridgelanl,1.0000000000000002
dugb,0.9999999999999997
danielrhammond,1.0000000000000013
davesouth,1.0000000000000002
schrepfler,1.0000000000000007
btanaka,1.0000000000000002
davidbgk,1.0000000000000002
ledermann,0.9999999999999999
pbhogan,0.9999999999999993
jaggederest,1.0
jpedroso,1.0
hypomodern,1.0
Tobiaswk,1.0000000000000002
zippy,1.0
crazoid,1.0000000000000002
Floppy,0.9999999999999999
adamv,1.0000000000000002
adisak,1.0000000000000002
vlarsen,0.9999999999999996
PaulRaye,0.9999999999999994
IrateNinja,1.0000000000000004
agateau,1.0
collin-robinson,1.0000000000000002
gartho,1.0
blt,1.0000000000000013
tirtauntario,1.0
jeremybower,1.0000000000000002
ank,1.0000000000000002
shad,0.9999999999999999
jmonteiro,1.0000000000000007
alexisrobert,1.0000000000000002
harningt,1.0
Whitespace,1.0
unilogic,1.0
CodeOfficer,0.9999999999999997
findrails,1.0000000000000002
pvl,1.0000000000000002
cfedde,1.0000000000000002
jcbpl,0.9999999999999996
mrfabbri,1.0
nickstenning,1.0
makyox,1.0000000000000002
danmunk,1.0000000000000002
wr0ngway,1.0
arijo,1.0000000000000007
robc,1.0
pmh,1.0000000000000002
travismgibson,1.0
mattam,1.0000000000000002
lucky,1.0000000000000002
gr0kk3d,1.0
nullobject,1.0
bottlecaplabs,1.0000000000000002
JoshBorke,1.0000000000000002
tritchey,1.0000000000000002
mrdoornbos,1.0000000000000002
mizzy,1.0000000000000002
mfilej,1.0000000000000002
thomasjo,1.0000000000000013
jmettraux,0.9999999999999998
aflores,1.0
KeithHanson,1.0
archaelus,0.9999999999999988
nuomi,0.9999999999999997
puttiz,1.0
gnosek,1.0000000000000002
krukow,0.9999999999999999
marcin-maciukiewicz,1.0
benpickles,1.0
webid,0.9999999999999997
nickcoyne,1.0000000000000002
pburleson,1.0
zkhan,1.0000000000000002
phhusson,0.9999999999999999
gallois,1.0000000000000002
entropie,1.0000000000000002
jarzebski,1.0000000000000002
joefiorini,1.0000000000000002
joecairns,1.0
vkryukov,1.0000000000000007
rik,1.0000000000000002
abloom,1.0000000000000002
JamesCropcho,1.0000000000000002
blackrat,1.0000000000000002
demonnic,1.0000000000000002
skizz,1.0000000000000002
atinypixel,1.0000000000000002
masaki,1.0000000000000002
btakita,0.9999999999999998
sreeix,0.9999999999999996
stz,1.0000000000000002
matthooks,1.0000000000000002
andriytyurnikov,1.0
istruble,1.0000000000000002
rolandd,0.9999999999999999
blynn,1.0000000000000002
tail,1.0000000000000002
gerrit,1.0000000000000002
tastyplannerkevin,1.0
megalithic,1.0000000000000007
admkrm,1.0000000000000002
karl,1.0
lachlanhardy,1.0
ljuti,1.0
brainv,0.9999999999999997
gvellut,1.0
squarefactor,0.9999999999999999
tekin,1.000000000000001
oavdeev,0.9999999999999998
smtlaissezfaire,1.0000000000000002
nummi,1.0000000000000007
lancevo,1.0000000000000002
mbroggy,1.0
nathanpbell,1.0
rsgrafx,0.9999999999999997
stephanschubert,0.9999999999999999
GFunk911,0.9999999999999997
bsimpson,0.9999999999999991
mnutt,1.0
cameronhickey,1.0000000000000004
alexknowshtml,0.9999999999999996
cwisecarver,1.0000000000000002
nfg,1.0000000000000002
blackanger,1.0
l15n,1.0
RayHightower,1.0000000000000002
iecker,1.0
d1rewolf,1.0000000000000002
mfoemmel,1.0000000000000002
mtenpow,1.0
jperla,1.0000000000000002
Ivor,1.0
thechrisoshow,0.9999999999999991
axelb,0.9999999999999999
hallison,0.9999999999999998
gwynm,1.0
drifteaur,1.0
matias,1.0
zolk,1.0
ciaran,1.0
pjones,0.9999999999999999
jperkins,1.0000000000000002
angileri,1.0000000000000002
rlivsey,1.0000000000000009
tibetsprague,1.0
martinbtt,1.0
sschroed,1.0
jmckible,1.0000000000000002
padione,1.0
skippy,1.0000000000000007
intridea,1.0
aphyr,1.0
clemens,1.0000000000000016
zooxmusic,1.0
hjw3001,1.0
tdd,0.9999999999999999
naffis,0.9999999999999999
cflipse,1.0000000000000002
threadhead,1.0000000000000002
pelargir,0.9999999999999998
sweeney,1.0000000000000002
jsiarto,1.0
bborn,1.0000000000000002
7hunderbird,1.0
bryanthompson,1.0000000000000002
afaden,1.0000000000000002
quinn,1.0
samuelam,1.0
teknofire,1.0000000000000004
joearasin,0.9999999999999997
marcharding,1.0000000000000013
blakeburris,1.0000000000000002
mid,1.0
archiloque,0.9999999999999998
gmcintire,1.0
ratchetcat,1.0000000000000002
chrisa,0.9999999999999999
nbibler,0.9999999999999998
loicboutet,1.0000000000000002
bart9h,1.0
skirch,1.0
bschwartz,1.0
pellucidity,1.0000000000000002
bogado,0.9999999999999999
zerok,1.0
sidecut,1.0000000000000002
raykrueger,0.9999999999999999
mattb,1.0000000000000002
dadiv,1.0000000000000002
pivou,1.0
tomasc,1.0000000000000013
rapidan,1.0
talmuth,0.9999999999999997
demerzel,1.0000000000000002
goshatch,1.0
fons,1.0
mpeychich,1.0000000000000002
bpo,1.0
st23am,1.0000000000000002
blandest,1.0000000000000002
paulhammond,1.0000000000000002
mguterl,1.0
jacksoncharles,1.0000000000000002
sushimako,1.0
OleTraveler,0.9999999999999999
mattenat,1.0000000000000002
scudco,1.0
tlindner,0.9999999999999998
netshade,1.0000000000000004
jonjensen,1.0000000000000002
oneup,1.0000000000000002
jfairbairn,1.0000000000000002
daveyeu,1.0
EdwardBetts,0.9999999999999999
georges,1.0
tmadeira,1.0000000000000009
flynx,1.0000000000000013
filiptepper,0.9999999999999999
speedmax,1.0
itfrombit,1.0000000000000007
natedog,1.0000000000000002
codebutler,1.0
tbuser,1.0000000000000002
knewter,0.9999999999999998
porras,1.0
bomberstudios,1.0
dams,0.9999999999999999
nowa,1.0
HP,1.0000000000000002
bhubbard,1.0000000000000002
corey,1.0000000000000002
javier,1.0
paulbjensen,0.9999999999999999
alvarocamba,1.0
mokeefe,1.0
dougbarth,1.0000000000000002
psynix,1.0000000000000002
jeremyevans,1.0000000000000002
evmar,1.0
motdotla,0.9999999999999999
ubuntufreak,1.0000000000000002
jorbsd,1.0000000000000002
Wang,1.0000000000000013
daxpayne,1.0000000000000002
justinabrahms,1.0
mvzink,1.0000000000000002
jdkcn,0.9999999999999997
mrluanma,1.0
lucashungaro,1.0000000000000007
gopaczewski,1.0
hannahwhy,0.9999999999999999
hmoniaga,1.0
githubber,0.9999999999999999
kenwiesner,1.0000000000000002
Sen,1.000000000000001
zengjie,1.0000000000000009
notahat,1.0000000000000002
rayvinly,1.0000000000000002
mthomas,0.9999999999999998
zachhale,1.0000000000000002
nbezzala,0.9999999999999998
rohankini,1.0
comatosekid,1.0000000000000002
yesudeep,1.0000000000000007
isak,1.0
MerlinDMC,1.0000000000000002
nickolai,1.0000000000000002
cahe,1.0000000000000002
DataWraith,1.000000000000001
shinyford,0.9999999999999999
flammel,1.0
samuli,1.000000000000001
alokjain,1.0000000000000002
michelegera,1.0000000000000002
oscardelben,1.0000000000000002
matti,1.0000000000000002
reluctant,1.0000000000000002
arttu,1.0000000000000002
scoopr,0.9999999999999999
PeterBengtson,1.0000000000000004
jlowmiller,1.0
davidhq,1.0000000000000002
gus,0.9999999999999999
michal,1.0000000000000002
gabrielg,1.0000000000000002
zaach,1.0
mwhuss,0.9999999999999991
mlooney,1.0000000000000007
kurtjx,1.0000000000000007
obie,1.0000000000000002
haircut,1.0000000000000007
slillibri,0.9999999999999998
jkalucki,1.0
mynyml,1.0
erikprice,0.9999999999999999
lazzarello,1.0
patroy,1.0
jeremyvdw,0.9999999999999999
rotty,1.0000000000000009
dayne,1.0
tekkyjim,1.0000000000000004
chuckadams,1.0
daverankin,1.0000000000000002
miriam,1.0
ryanLonac,1.0000000000000002
nachof,1.0
rafamvc,1.0
turki,1.0000000000000002
pete,1.0
thewalkingcity,1.0
leshill,1.0000000000000002
pauld,1.0000000000000002
vik407,0.9999999999999999
nvkv,1.0
tgdavies,0.9999999999999996
pfdemuizon,1.0
kyc,1.0
bheylin,1.0000000000000002
arunagw,0.9999999999999994
noplans,0.9999999999999998
kohlhofer,1.0000000000000002
tmaeda,1.000000000000001
snoozer05,1.0000000000000002
cpjobling,1.0000000000000002
ace,1.0
mrkn,0.9999999999999999
simongroenewolt,1.0000000000000009
coreyhaines,1.0
milan,0.9999999999999988
wonsys,1.0000000000000002
simo2409,0.9999999999999993
djcp,0.9999999999999998
dreamer,1.0
jpzwarte,1.0
june29,1.0000000000000002
HusseinMorsy,0.9999999999999998
radicalbender,1.0000000000000002
venkat,1.0000000000000002
danhigham,1.0
carter,1.0000000000000002
tmc,1.0000000000000002
iainlowe,1.0
LeonB,0.9999999999999997
robertfeldt,1.0000000000000022
techbelly,1.0
neilcauldwell,1.0000000000000002
igreg,1.0
benjamineskola,1.0
walker,1.0000000000000002
mt,1.0000000000000007
prashanthellina,1.0000000000000002
aks,1.0000000000000009
deanwampler,0.9999999999999998
mamuso,1.0000000000000002
brew,0.9999999999999998
probablykabari,1.0000000000000002
timwraight,1.0
naruse,1.0000000000000002
srid,1.0000000000000002
zerowidth,0.9999999999999999
Bill,1.0000000000000009
shibu,1.0000000000000002
rikur,0.9999999999999994
jpemberthy,0.999999999999999
walker233,1.0000000000000002
lordaniel,1.0
heijmerikx,1.0000000000000002
cnu,1.0
dbalmain,1.0000000000000002
jimweirich,1.0000000000000002
pyu10055,0.9999999999999999
DougHall,1.0000000000000002
mlwhall,1.0
lforet,1.0000000000000002
dlehman,1.0
aaronjohnson,1.0000000000000007
aulizko,1.0000000000000002
wmorgan,1.0000000000000002
jonthewayne,0.9999999999999996
maracuja,1.0
anarchitech,1.0
tronash,1.0000000000000002
krav,1.0000000000000002
dbgrandi,0.9999999999999998
threebytesfull,1.0
kiranmeduri,1.0000000000000004
classicist,1.0000000000000002
sdudenhofer,1.0000000000000002
joshj,1.0000000000000002
anthem,1.0000000000000002
fackweb,1.0000000000000002
zolazhou,0.9999999999999998
ihao,1.0
iyanski,1.0000000000000002
kaichen,1.0
tsgates,1.0000000000000002
aaronkhawkins,1.0000000000000002
kevinoneill,0.9999999999999998
we4tech,1.0000000000000013
mattmccray,1.0000000000000002
fadhlirahim,0.9999999999999998
tra,1.0000000000000002
willcannings,0.9999999999999991
derailed,1.0
sirn,1.000000000000001
gumayunov,1.0000000000000002
chipx86,0.9999999999999999
jeffrafter,1.0
MiloCasagrande,1.0
geku,0.9999999999999998
jamescook,1.0000000000000002
frafra,1.0
pauek,1.0000000000000013
csolallo,1.0000000000000002
jeremyd,1.0
mtarnovan,1.0000000000000002
eastmedia,1.0
patrikf,1.0000000000000002
zacharyc,1.0000000000000002
baroquon,1.0000000000000013
ylh888,1.0
tvc123,1.0000000000000002
ekarlsso,1.0
tongueroo,0.9999999999999999
jbasdf,1.0000000000000002
Madrox,1.0
qzio,0.9999999999999998
jrcahoon,1.0
cout,1.0000000000000002
iroach,1.0000000000000002
joho,1.0000000000000002
purp,0.9999999999999999
justinbkay,1.0
tinomen,1.0000000000000002
johnnyt,1.000000000000001
ttyerl,1.0000000000000002
stmcallister,1.000000000000001
juozasg,1.0000000000000013
spig,0.9999999999999996
devender,1.0000000000000002
gettalong,1.0000000000000002
ramdiv,1.0000000000000002
Juice10,0.9999999999999999
itzsuresh,1.0
SebastianKrog,1.0000000000000004
stereotype,1.0
torbjorn,0.9999999999999998
ALexanderLonsky,1.0
wzph,1.0000000000000002
BadMinus,1.0000000000000004
rahul286,1.0000000000000002
subtleGradient,1.0000000000000002
